Date,Blast_No,No_of_Holes,Explosion,Per_Hole,Depth,No_of_Rows,Spacing,Seam_location,Vibrometer,Distance,PPV,Blast_Timing,Frequency,Q,TQ,SD,SD_TQ,Stemming,Ch_length,log_PPV,log_SD,log_SD_TQ,log_D,log_Q,log_TQ,log_N,log_Depth,Source,Zone
31.10.25,1.0,100.0,350.0,35.0,6.0,4.0,5.0,Seam Top -5,20697.0,400.0,4.826,2:30pm ,6.75,35.0,3500.0,67.61234037828133,6.761234037828133,4.0,2.0,1.5740179672028398,4.213790516363275,1.9112054233692293,5.991464547107982,3.555348061489413,8.160518247477505,4.605170185988092,1.791759469228055,Real,Real
31.10.25,1.0,100.0,350.0,35.0,6.0,4.0,5.0,Seam Top -5,20698.0,430.0,5.28,2:30pm ,7.875,35.0,3500.0,72.68326590665242,7.268326590665243,4.0,2.0,1.6639260977181702,4.286111177942901,1.983526084948856,6.063785208687608,3.555348061489413,8.160518247477505,4.605170185988092,1.791759469228055,Real,Real
31.10.25,1.0,100.0,350.0,35.0,6.0,4.0,5.0,Seam Top -5,15336.0,480.0,13.28,2:30pm ,9.125,35.0,3500.0,81.1348084539376,8.11348084539376,4.0,2.0,2.586259144048288,4.39611207315723,2.093526980163184,6.173786103901937,3.555348061489413,8.160518247477505,4.605170185988092,1.791759469228055,Real,Real
01.11.25,2.0,45.0,65.0,35.0,3.0,3.0,5.0,Seam-3,20697.0,310.0,8.818,"2:30,2:45",27.0,35.0,1575.0,52.39956379316803,7.81126577552403,2.0,1.0,2.176795086935746,3.958898266734485,2.055567021849325,5.736572297479191,3.555348061489413,7.362010551259734,3.80666248977032,1.0986122886681098,Real,Real
01.11.25,2.0,45.0,65.0,35.0,5.0,3.0,5.0,Seam-3,20698.0,320.0,17.34,"2:30,2:45",10.63,35.0,1575.0,54.08987230262506,8.063242090863515,3.333333333333333,1.6666666666666663,2.853015971352396,3.9906469650490655,2.087315720163905,5.768320995793772,3.555348061489413,7.362010551259734,3.80666248977032,1.6094379124341005,Real,Real
01.11.25,2.0,45.0,65.0,35.0,5.0,3.0,5.0,Seam-3,15336.0,450.0,3.543,"2:30,2:45",6.25,35.0,1575.0,76.06388292556649,11.338934190276817,3.333333333333333,1.6666666666666663,1.264973825883335,4.331573552019658,2.4282423071344987,6.1092475827643655,3.555348061489413,7.362010551259734,3.80666248977032,1.6094379124341005,Real,Real
01.11.25,2.0,45.0,65.0,35.0,5.0,3.0,5.0,Seam-3,23314.0,180.0,7.24,"2:30,2:45",24.63,35.0,1575.0,30.4255531702266,4.535573676110727,3.333333333333333,1.6666666666666663,1.979621206397625,3.4152828201455034,1.5119515752603438,5.19295685089021,3.555348061489413,7.362010551259734,3.80666248977032,1.6094379124341005,Real,Real
02.11.25,1.0,70.0,32.0,90.0,6.0,5.0,5.0,Seam Top -5,20697.0,250.0,2.009,"02:36,2:38",28.88,90.0,6300.0,26.352313834736496,3.14970394174356,4.0,2.0,0.6976370858327973,3.271556082697114,1.1473084616724345,5.521460917862246,4.499809670330265,8.748304912379623,4.248495242049359,1.791759469228055,Real,Real
02.11.25,1.0,70.0,32.0,90.0,6.0,5.0,5.0,Seam Top -5,20698.0,280.0,4.326,"02:36,2:38",14.25,90.0,6300.0,29.514591494904877,3.5276684147527875,4.0,2.0,1.4646433275308668,3.384884768004117,1.2606371469794375,5.634789603169249,4.499809670330265,8.748304912379623,4.248495242049359,1.791759469228055,Real,Real
02.11.25,1.0,70.0,32.0,90.0,6.0,5.0,5.0,Seam Top -5,15335.0,300.0,2.958,"02:36,2:38",8.125,90.0,6300.0,31.622776601683796,3.779644730092272,4.0,2.0,1.084513364288608,3.4538776394910684,1.329630018466389,5.703782474656201,4.499809670330265,8.748304912379623,4.248495242049359,1.791759469228055,Real,Real
02.11.25,1.0,70.0,32.0,90.0,6.0,5.0,5.0,Seam Top -5,15336.0,430.0,3.175,"02:36,2:38",28.75,90.0,6300.0,45.32597979574677,5.417490779798924,4.0,2.0,1.155307632344655,3.8138803735224753,1.689632752497796,6.063785208687608,4.499809670330265,8.748304912379623,4.248495242049359,1.791759469228055,Real,Real
03.11.25,1.0,100.0,250.0,25.0,6.0,4.0,4.5,Seam 4 Floor ,20697.0,450.0,1.637,02:08:00,6.5,25.0,2500.0,90.0,9.0,4.0,2.0,0.4928652983889979,4.499809670330265,2.19722457733622,6.1092475827643655,3.218875824868201,7.824046010856293,4.605170185988092,1.791759469228055,Real,Real
03.11.25,1.0,100.0,250.0,25.0,6.0,4.0,4.5,Seam 4 Floor ,20698.0,430.0,3.791,02:08:00,6.0,25.0,2500.0,86.0,8.6,4.0,2.0,1.3326298365341978,4.454347296253507,2.151762203259462,6.063785208687608,3.218875824868201,7.824046010856293,4.605170185988092,1.791759469228055,Real,Real
03.11.25,1.0,100.0,250.0,25.0,6.0,4.0,4.5,Seam 4 Floor ,15335.0,450.0,3.753,02:08:00,6.25,25.0,2500.0,90.0,9.0,4.0,2.0,1.3225555201528838,4.499809670330265,2.19722457733622,6.1092475827643655,3.218875824868201,7.824046010856293,4.605170185988092,1.791759469228055,Real,Real
03.11.25,1.0,100.0,250.0,25.0,6.0,4.0,4.5,Seam 4 Floor ,23314.0,400.0,3.331,02:08:00,10.63,25.0,2500.0,80.0,8.0,4.0,2.0,1.2032725592115423,4.382026634673881,2.079441541679836,5.991464547107982,3.218875824868201,7.824046010856293,4.605170185988092,1.791759469228055,Real,Real
04.11.25,1.0,90.0,250.0,33.0,4.5,3.0,4.0,Seam 5 Floor ,20697.0,450.0,1.829,03:14:00,5.75,33.0,2970.0,78.33494518006403,8.257228238447704,3.0,1.5,0.6037693694087286,4.360993802031126,2.1110889668659927,6.1092475827643655,3.49650756146648,7.996317231796745,4.499809670330265,1.5040773967762742,Real,Real
04.11.25,1.0,90.0,250.0,33.0,4.5,3.0,4.0,Seam 5 Floor ,20698.0,470.0,1.576,03:14:00,19.88,33.0,2970.0,81.81649829917798,8.624216160156491,3.0,1.5,0.4548899914356874,4.404478913970864,2.1545740788057315,6.152732694704104,3.49650756146648,7.996317231796745,4.499809670330265,1.5040773967762742,Real,Real
04.11.25,1.0,90.0,250.0,33.0,4.5,3.0,4.0,Seam 5 Floor ,15335.0,420.0,1.824,03:14:00,7.625,33.0,2970.0,73.1126155013931,7.706746355884524,3.0,1.5,0.6010318916521397,4.292000930544174,2.042096095379041,6.040254711277414,3.49650756146648,7.996317231796745,4.499809670330265,1.5040773967762742,Real,Real
04.11.25,1.0,90.0,250.0,33.0,4.5,3.0,4.0,Seam 5 Floor ,23314.0,430.0,1.964,03:14:00,5.75,33.0,2970.0,74.85339206095007,7.890240316738917,3.0,1.5,0.6749832099322741,4.315531427954369,2.0656265927892354,6.063785208687608,3.49650756146648,7.996317231796745,4.499809670330265,1.5040773967762742,Real,Real
05.11.25,2.0,80.0,3600.0,43.0,5.0,3.0,5.0,Seam Top -3,20697.0,510.0,1.979,3:25pm,5.75,43.0,3440.0,77.77427086962838,8.695427828248537,3.333333333333333,1.6666666666666663,0.6825916666204287,4.35381066787159,2.1627973505346496,6.234410725718371,3.7612001156935615,8.143226750367443,4.382026634673881,1.6094379124341005,Real,Real
05.11.25,2.0,80.0,3600.0,43.0,5.0,3.0,5.0,Seam Top -3,20698.0,480.0,2.31,3:25pm,5.375,43.0,3440.0,73.19931375965024,8.183932073645682,3.333333333333333,1.6666666666666663,0.8372475245337022,4.293186046055156,2.1021727287182146,6.173786103901937,3.7612001156935615,8.143226750367443,4.382026634673881,1.6094379124341005,Real,Real
05.11.25,2.0,80.0,3600.0,43.0,5.0,3.0,5.0,Seam Top -3,15335.0,460.0,2.994,3:25pm,3.0,43.0,3440.0,70.14934235299815,7.842934903910446,3.333333333333333,1.6666666666666663,1.0966102859974367,4.25062643163636,2.059613114299419,6.131226489483141,3.7612001156935615,8.143226750367443,4.382026634673881,1.6094379124341005,Real,Real
05.11.25,2.0,80.0,3600.0,43.0,5.0,3.0,5.0,Seam Top -3,15336.0,430.0,5.061,3:25pm,2.75,43.0,3440.0,65.57438524302,7.33143914930759,3.333333333333333,1.6666666666666663,1.6215640922319408,4.183185150840827,1.992171833503886,6.063785208687608,3.7612001156935615,8.143226750367443,4.382026634673881,1.6094379124341005,Real,Real
05.11.25,2.0,80.0,3600.0,43.0,5.0,3.0,5.0,Seam Top -3,23314.0,420.0,7.377,3:25pm,2.75,43.0,3440.0,64.04939953969397,7.160940564439972,3.333333333333333,1.6666666666666663,1.9983670519021648,4.159654653430633,1.968641336093692,6.040254711277414,3.7612001156935615,8.143226750367443,4.382026634673881,1.6094379124341005,Real,Real
06.11.25,1.0,104.0,3600.0,50.0,4.0,7.0,4.0,Seam 3 floor ,20697.0,460.0,1.693,2:16pm,5.375,50.0,5200.0,65.05382386916237,6.379052256590135,2.6666666666666665,1.3333333333333333,0.5265021031509983,4.175214986769068,1.853019537198381,6.131226489483141,3.912023005428146,8.556413904569519,4.6443908991413725,1.3862943611198906,Real,Real
06.11.25,1.0,104.0,3600.0,50.0,4.0,7.0,4.0,Seam 3 floor ,20698.0,480.0,1.354,2:16pm,3.375,50.0,5200.0,67.88225099390856,6.65640235470275,2.6666666666666665,1.3333333333333333,0.3030631744900833,4.217774601187863,1.8955791516171772,6.173786103901937,3.912023005428146,8.556413904569519,4.6443908991413725,1.3862943611198906,Real,Real
06.11.25,1.0,104.0,3600.0,50.0,4.0,7.0,4.0,Seam 3 floor ,15335.0,480.0,1.405,2:16pm,8.375,50.0,5200.0,67.88225099390856,6.65640235470275,2.6666666666666665,1.3333333333333333,0.3400373027857091,4.217774601187863,1.8955791516171772,6.173786103901937,3.912023005428146,8.556413904569519,4.6443908991413725,1.3862943611198906,Real,Real
06.11.25,1.0,104.0,3600.0,50.0,4.0,7.0,4.0,Seam 3 floor ,15336.0,470.0,1.69,2:16pm,4.75,50.0,5200.0,66.46803743153546,6.517727305646442,2.6666666666666665,1.3333333333333333,0.5247285289349821,4.196721191990031,1.8745257424193449,6.152732694704104,3.912023005428146,8.556413904569519,4.6443908991413725,1.3862943611198906,Real,Real
06.11.25,1.0,104.0,3600.0,50.0,4.0,7.0,4.0,Seam 3 floor ,23314.0,450.0,1.796,2:16pm,5.125,50.0,5200.0,63.63961030678927,6.240377207533828,2.6666666666666665,1.3333333333333333,0.5855619698800079,4.153236080050292,1.831040630479606,6.1092475827643655,3.912023005428146,8.556413904569519,4.6443908991413725,1.3862943611198906,Real,Real
6.11.25,2.0,60.0,3600.0,45.0,6.0,4.0,4.0,Seam 5floor ,20697.0,480.0,3.364,2:36pm,4.125,45.0,2700.0,71.55417527999327,9.237604307034012,4.0,2.0,1.2131307421107016,4.270454859016777,2.223282577905726,6.173786103901937,3.80666248977032,7.901007051992421,4.0943445622221,1.791759469228055,Real,Real
06.11.25,2.0,60.0,3600.0,45.0,6.0,4.0,4.0,Seam 5floor ,20698.0,500.0,3.713,2:36pm,4.875,45.0,2700.0,74.53559924999298,9.622504486493762,4.0,2.0,1.311840175194943,4.3112768535370325,2.2641045724259814,6.214608098422191,3.80666248977032,7.901007051992421,4.0943445622221,1.791759469228055,Real,Real
06.11.25,2.0,60.0,3600.0,45.0,6.0,4.0,4.0,Seam 5floor ,15335.0,510.0,3.078,2:36pm,5.0,45.0,2700.0,76.02631123499285,9.814954576223638,4.0,2.0,1.1242800354166873,4.331079480833211,2.283907199722161,6.234410725718371,3.80666248977032,7.901007051992421,4.0943445622221,1.791759469228055,Real,Real
06.11.25,2.0,60.0,3600.0,45.0,6.0,4.0,4.0,Seam 5floor ,15336.0,490.0,3.812,2:36pm,7.125,45.0,2700.0,73.04488726499312,9.430054396763888,4.0,2.0,1.3381539857919558,4.291074146219512,2.243901865108462,6.194405391104673,3.80666248977032,7.901007051992421,4.0943445622221,1.791759469228055,Real,Real
06.11.25,2.0,60.0,3600.0,45.0,6.0,4.0,4.0,Seam 5floor ,23314.0,470.0,4.378,2:36pm,5.0,45.0,2700.0,70.06346329499341,9.045154217304136,4.0,2.0,1.4765919991006713,4.2494014498189445,2.2022291687078943,6.152732694704104,3.80666248977032,7.901007051992421,4.0943445622221,1.791759469228055,Real,Real
07.11.25,1.0,120.0,3600.0,25.0,3.5,5.0,4.0,Seam 4Floor ,20697.0,380.0,5.747,2:16pm,5.625,25.0,3000.0,76.0,6.937819061732104,2.333333333333333,1.1666666666666663,1.7486779795256044,4.330733340286331,1.936987468895308,5.940171252720432,3.218875824868201,8.006367567650246,4.787491742782046,1.252762968495368,Real,Real
07.11.25,1.0,120.0,3600.0,25.0,3.5,5.0,4.0,Seam 4Floor ,20698.0,420.0,4.582,2:16pm,7.75,25.0,3000.0,84.0,7.668115805072325,2.333333333333333,1.1666666666666663,1.5221355840313036,4.430816798843313,2.0370709274522905,6.040254711277414,3.218875824868201,8.006367567650246,4.787491742782046,1.252762968495368,Real,Real
07.11.25,1.0,120.0,3600.0,25.0,3.5,5.0,4.0,Seam 4Floor ,15335.0,440.0,7.081,2:16pm,7.625,25.0,3000.0,88.0,8.033264176742437,2.333333333333333,1.1666666666666663,1.957415140669637,4.477336814478207,2.0835909430871835,6.0867747269123065,3.218875824868201,8.006367567650246,4.787491742782046,1.252762968495368,Real,Real
07.11.25,1.0,120.0,3600.0,25.0,3.5,5.0,4.0,Seam 4Floor ,15336.0,470.0,5.12,2:16pm,9.875,25.0,3000.0,94.0,8.580986734247602,2.333333333333333,1.1666666666666663,1.6331544390514166,4.543294782270004,2.149548910878981,6.152732694704104,3.218875824868201,8.006367567650246,4.787491742782046,1.252762968495368,Real,Real
07.11.25,1.0,120.0,3600.0,25.0,3.5,5.0,4.0,Seam 4Floor ,23314.0,400.0,3.305,2:16pm,8.0,25.0,3000.0,80.0,7.302967433402214,2.333333333333333,1.1666666666666663,1.1954364733036495,4.382026634673881,1.9882807632828583,5.991464547107982,3.218875824868201,8.006367567650246,4.787491742782046,1.252762968495368,Real,Real
08.11.25,1.0,160.0,3600.0,35.0,6.0,5.0,4.0,Seam 4Floor ,20697.0,480.0,1.786,02:39:00,5.875,35.0,5600.0,81.1348084539376,6.414269805898185,4.0,2.0,0.5799784824543073,4.39611207315723,1.858525165540316,6.173786103901937,3.555348061489413,8.630521876723241,5.075173815233827,1.791759469228055,Real,Real
08.11.25,1.0,160.0,3600.0,35.0,6.0,5.0,4.0,Seam 4Floor ,20698.0,490.0,1.503,02:39:00,5.5,35.0,5600.0,82.82511696339462,6.547900426854397,4.0,2.0,0.4074631107708373,4.416731360359965,1.879144452743052,6.194405391104673,3.555348061489413,8.630521876723241,5.075173815233827,1.791759469228055,Real,Real
08.11.25,1.0,160.0,3600.0,35.0,6.0,5.0,4.0,Seam 4Floor ,15335.0,520.0,1.759,02:39:00,8.5,35.0,5600.0,87.89604249176573,6.948792289723033,4.0,2.0,0.5647454657554211,4.476154780830767,1.9385678732138527,6.253828811575473,3.555348061489413,8.630521876723241,5.075173815233827,1.791759469228055,Real,Real
08.11.25,1.0,160.0,3600.0,35.0,6.0,5.0,4.0,Seam 4Floor ,15336.0,540.0,1.769,02:39:00,6.25,35.0,5600.0,91.2766595106798,7.216053531635458,4.0,2.0,0.5704144151776482,4.513895108813613,1.9763082011967,6.29156913955832,3.555348061489413,8.630521876723241,5.075173815233827,1.791759469228055,Real,Real
08.11.25,1.0,160.0,3600.0,35.0,6.0,5.0,4.0,Seam 4Floor ,23314.0,500.0,2.577,02:39:00,5.375,35.0,5600.0,84.51542547285166,6.681531047810609,4.0,2.0,0.946625931670228,4.436934067677485,1.899347160060572,6.214608098422191,3.555348061489413,8.630521876723241,5.075173815233827,1.791759469228055,Real,Real
,,159.0,,34.15497228379747,3.6818091273076545,5.0,3.9791892533537423,Seam 4Floor ,,449.48064291745845,1.4939880085158392,,6.128389411969638,34.15497228379747,5430.640593123798,76.91021488513326,6.099376787257813,2.454539418205103,1.2272697091025515,0.4014490602499258,4.342638701046768,,6.108092789397,3.530908176700464,8.599812378920696,5.0689042022202315,1.303404242061326,Synthetic,A
,,95.0,,56.86291727030773,4.5983843472495325,7.0,4.278028323914428,Seam 3 floor ,,392.9408446109779,1.5524401528105307,,3.514784379275471,56.86291727030773,5401.977140679234,52.108984044615546,5.346268957892625,3.0655895648330214,1.5327947824165107,0.43982798516815635,3.9533373723698224,,5.9736590779212175,4.040643411102792,8.594520302703332,4.553876891600541,1.5257050129409497,Synthetic,A
,,106.0,,20.0,6.804081729839725,4.0,4.229050437805726,Seam 4 Floor ,,413.52090635500565,1.3126229536224978,,15.777268024018737,20.0,2120.0,92.46608567271174,8.98110017614205,4.5360544865598165,2.2680272432799082,0.27202739004651744,4.526841935912908,,6.024708072689903,2.995732273553991,7.659171367666058,4.663439094112067,1.9175226864896497,Synthetic,A
,,185.0,,24.26394156757315,5.594050171273614,5.0,4.319445522968387,Seam 4Floor ,,618.9828478781394,0.473603719931973,,8.565645985106297,24.26394156757315,4488.829190001033,125.66025569650563,9.238725740411764,3.729366780849076,1.864683390424538,-0.7473843408570966,4.8335818818008836,,6.428077562895416,3.1889913621890655,8.409347187267391,5.220355825078325,1.7217035635049427,Synthetic,A
,,92.0,,87.39221487214809,5.736535201344158,5.0,5.783653933319476,Seam Top -5,,328.6013905570186,5.504146984307014,,27.437161618225726,87.39221487214809,8040.083768237624,35.15062276148529,3.6647057544261896,3.8243568008961053,1.9121784004480527,1.7055018052721111,3.5596423353539297,,5.794845437356291,4.470406204004723,8.992194781053763,4.5217885770490405,1.7468554046182834,Synthetic,A
,,110.0,,69.03188100870085,4.922539170085272,3.0,5.17155454147588,Seam Top -3,,402.4035512558703,3.3354768592414534,,2.0,69.03188100870085,7593.506910957093,48.43250712974872,4.617858365158583,3.2816927800568476,1.6408463900284238,1.2046156554253198,3.8801712231889613,,5.997455443935132,4.234568441492342,8.935048807284758,4.700480365792417,1.5938244888555575,Synthetic,A
,,97.0,,20.0,3.1195755646685206,5.0,3.6089521573637655,Seam 4Floor ,,369.49492143139395,1.7278454544531572,,3.366606519180597,20.0,1940.0,82.62157616615407,8.388950051759977,2.079717043112347,1.0398585215561735,0.5468752303018704,4.414270859082148,,5.912136995859143,2.995732273553991,7.570443252057373,4.574710978503383,1.1376969556023062,Synthetic,A
,,73.0,,26.258119228104622,5.312549556050787,3.0,3.692490994330102,Seam 5 Floor ,,436.74637548773177,1.342132958176726,,7.260287247805633,26.258119228104622,1916.8427036516375,85.23098381975126,9.975532122918528,3.5416997040338583,1.7708498520169291,0.2942601082892582,4.4453650275832866,,6.079352650153702,3.2679752451408293,7.55843468628922,4.290459441148391,1.6700718624048232,Synthetic,A
,,83.0,,46.13633511786077,4.498151566658157,3.0,4.875868549607442,Seam Top -3,,377.12492197466247,2.2120619325964586,,2.0,46.13633511786077,3829.315814782444,55.52181910897361,6.094311387777936,2.9987677111054376,1.4993838555527188,0.7939250817294673,4.016776080592871,,5.932576490584043,3.8316008199823433,8.250441427778942,4.418840607796598,1.503666549425204,Synthetic,A
,,83.0,,89.00379801925052,7.001321177119859,5.0,4.702554851465217,Seam Top -5,,403.2701320347035,3.141993319512397,,29.62898058235587,89.00379801925052,7387.315235597794,42.745636440767726,4.691943151709211,4.667547451413239,2.3337737257066196,1.1448574136416072,3.755267118612124,,5.9996066402097314,4.488679043195216,8.907519650991814,4.418840607796598,1.9460988708347893,Synthetic,A
,,70.0,,88.39836083415145,5.706421440895694,5.0,4.504409845194975,Seam Top -5,,424.5083598528292,2.8619579526676833,,25.553308825404923,88.39836083415145,6187.885258390601,45.150663965854164,5.39653653024324,3.8042809605971293,1.9021404802985646,1.0515059894357297,3.810004985532366,,6.050931698968159,4.481853426871585,8.730348668920945,4.248495242049359,1.7415921093165108,Synthetic,A
,,55.0,,59.19776798400805,5.377917314271486,3.0,5.077203638480846,Seam Top -3,,476.052862587745,2.3341690344772923,,3.0254173237420203,59.19776798400805,3255.877239120443,61.873191044597,8.34297937848584,3.585278209514324,1.792639104757162,0.8476559538971942,4.1250869848186085,,6.165528903921782,4.080883838206348,8.088217023438819,4.007333185232471,1.6823011829184171,Synthetic,A
,,127.0,,20.0,3.6331321190103107,5.0,3.8894013341371005,Seam 4Floor ,,418.1838937885265,1.2606399550539789,,7.941568904002429,20.0,2540.0,93.50876136066974,8.297560808082828,2.422088079340207,1.2110440396701034,0.23161949286190456,4.538055136296849,,6.0359212730738445,2.995732273553991,7.8399193600125825,4.844187086458591,1.2900951189445493,Synthetic,A
,,157.0,,34.88575561835924,5.219216153366666,5.0,4.094860441779029,Seam 4Floor ,,488.6774690464937,1.369022564243352,,6.236769801672132,34.88575561835924,5477.0636320824005,82.73671029113663,6.603108334735349,3.4794774355777776,1.7397387177888888,0.31409702845196485,4.415663400648158,,6.191702699359179,3.552078597422042,8.60832440277035,5.056245805348308,1.652347228428783,Synthetic,A
,,77.0,,44.615259534422364,4.984088216407367,3.0,5.593193706107644,Seam Top -3,,440.4969492948641,1.6319447780932057,,2.0,44.615259534422364,3435.374984150522,65.94793377732069,7.515464549585494,3.3227254776049113,1.6613627388024557,0.4897724190167401,4.188865548533339,,6.087903519801433,3.7980759425361894,8.141881364389873,4.343805421853684,1.6062504812497318,Synthetic,A
,,66.0,,28.562106519396032,6.266914825160478,4.0,4.8818235830378205,Seam Top -5,,501.73954764969744,1.5987895174670315,,7.843143123176803,28.562106519396032,1885.099030280138,93.88219104118957,11.556098871666578,4.177943216773651,2.0889716083868257,0.4692467913330568,4.542040709453444,,6.21808115567012,3.3520808924333534,7.541735634459779,4.189654742026425,1.8352841801433948,Synthetic,A
,,92.0,,31.474778089545467,4.948565850311602,3.0,4.407289997659844,Seam Top -3,,461.1239785339281,1.5535293286367806,,2.0,31.474778089545467,2895.679584238183,82.19329061042846,8.569242915528179,3.2990439002077343,1.6495219501038672,0.4405293287437461,4.409073675986638,,6.133666940753482,3.4491865295336894,7.97097510658273,4.5217885770490405,1.599097807391785,Synthetic,A
,,102.0,,37.15454123402031,4.925834753194973,4.0,4.800553753873224,Seam Top -5,,382.1165174664679,1.474463871260594,,9.32667695172567,37.15454123402031,3789.7632058700715,62.688785974040165,6.207114740438647,3.2838898354633153,1.6419449177316576,0.3882944466065048,4.138182579554259,,5.945725581643298,3.6150860041780777,8.240058817462348,4.624972813284271,1.594493753296243,Synthetic,A
,,107.0,,57.50933260703126,6.361143394820937,3.0,5.385212608558321,Seam Top -3,,451.5869121900269,1.9527676894735282,,5.165578024342844,57.50933260703126,6153.498588952345,59.54868602316627,5.756788765331834,4.240762263213957,2.1203811316069787,0.6692476942169658,4.08679423045571,,6.1127678508768675,4.051947240842316,8.724776075304224,4.672828834461906,1.8502081402536081,Synthetic,A
,,159.0,,38.236663160940196,6.070159586289389,5.0,4.338385135358477,Seam 4Floor ,,517.2595785305217,1.5198797611206958,,2.0,38.236663160940196,6079.629442589491,83.65050150291141,6.633916286300189,4.046773057526259,2.0233865287631296,0.418631227203399,4.426647422667838,,6.248544834637898,3.643794823940123,8.712699026160355,5.0689042022202315,1.8033848957125247,Synthetic,A
,,68.0,,45.72058069585329,5.364557939869183,4.0,4.259319823806783,Seam 5floor ,,436.1299080569124,1.6599025059909214,,3.9701145831231917,45.72058069585329,3108.999487318024,64.50004253367962,7.821779065388023,3.5763719599127883,1.7881859799563942,0.5067588693129295,4.1666658832384025,,6.077940153228453,3.8225485399801005,8.042056245156207,4.219507705176107,1.6798139756457484,Synthetic,A
,,132.0,,25.661843486403832,4.796614418773819,5.0,3.6876466384189484,Seam 4Floor ,,442.7079374431891,1.3140636024752728,,10.464746220463214,25.661843486403832,3387.363340205306,87.39234294440374,7.6065271041191345,3.1977429458492126,1.5988714729246063,0.27312432260125025,4.470407669491803,,6.092910269198299,3.2450051994129923,8.127807121999362,4.882801922586371,1.5679103396299008,Synthetic,A
,,74.0,,32.93265811346052,6.4939118477762605,4.0,5.375951309016349,Seam Top -5,,465.50046457665076,1.5909790046794987,,8.426313403869127,32.93265811346052,2437.0167003960782,81.11603724415512,9.429547793888736,4.329274565184173,2.1646372825920865,0.46434955296405156,4.395880688109153,,6.143113094733059,3.4944648132478138,7.798529906451984,4.30406509320417,1.8708650991777203,Synthetic,A
,,119.0,,52.46785856112802,4.039864002878712,3.0,5.488449539018533,Seam Top -3,,504.219325233907,0.7832421667631423,,5.875308858789554,52.46785856112802,6243.675168774234,69.61018970357898,6.381155627911952,2.6932426685858077,1.3466213342929039,-0.24431335014061517,4.24291096041144,,6.223011342527645,3.96020076423241,8.73932425734394,4.77912349311153,1.3962110287526748,Synthetic,A
,,54.0,,40.95646180966509,5.164404202880097,4.0,3.652289185055012,Seam 5floor ,,461.18808028564746,1.6015366580155057,,5.918895568964327,40.95646180966509,2211.648937721915,72.06375010286779,9.806634261303602,3.442936135253398,1.721468067626699,0.4709635796056114,4.277551145360065,,6.133805943060152,3.7125095954001734,7.701493641964448,3.9889840465642745,1.641789743135789,Synthetic,A
,,107.0,,20.0,5.822084224089727,4.0,4.479214951228737,Seam 4 Floor ,,439.2026492369724,1.044953208526805,,7.337091276387618,20.0,2140.0,98.20869795918664,9.494193185881011,3.881389482726484,1.940694741363242,0.04397210788490236,4.587094785360454,,6.084960922137448,2.995732273553991,7.668561108015897,4.672828834461906,1.761658311740559,Synthetic,A
,,90.0,,30.34676859508364,5.237845583079858,3.0,6.0,Seam Top -3,,454.2615108147724,1.2604988088938789,,4.85408613295086,30.34676859508364,2731.2091735575273,82.46121214513698,8.692174966565739,3.491897055386572,1.745948527693286,0.23150752269805178,4.412328026966214,,6.118673047218893,3.412690040505357,7.912499710835622,4.499809670330265,1.655910265521125,Synthetic,A
,,148.0,,35.632072113952454,6.498239865171137,5.0,3.630062861768306,Seam 4Floor ,,524.6801510286052,1.2936693416589078,,5.798109967467693,35.632072113952454,5273.5466728649635,87.89700871909498,7.225089610294686,4.3321599101140915,2.1660799550570458,0.25748263147656386,4.476165773612593,,6.262788840795888,3.5732461343665913,8.570458408130706,4.997212273764115,1.8715313502576951,Synthetic,A
,,132.0,,58.48553970544241,4.760142783622854,7.0,3.1474566653781375,Seam 3 floor ,,509.95762796559643,2.007898187606193,,6.892819509601172,58.48553970544241,7720.091241118398,66.6821879656397,5.8039394875279005,3.173428522415236,1.586714261207618,0.6970884971606528,4.199937870266272,,6.234327639846437,4.068779539160329,8.9515814617467,4.882801922586371,1.560277664352864,Synthetic,A
,,108.0,,51.89988201297552,4.431657925120114,7.0,4.691452217232399,Seam 3 floor ,,482.625966324449,1.8460143319295943,,11.34606023311252,51.89988201297552,5605.187257401356,66.9927026910653,6.446375822071186,2.9544386167467427,1.4772193083733713,0.613028899826034,4.204583698400564,,6.1792419568086565,3.949316516816186,8.631447743940406,4.68213122712422,1.4887737635059617,Synthetic,A
,,157.0,,32.461049717834854,7.077396782912796,5.0,4.56830238585228,Seam 4Floor ,,566.7683058781049,0.975694589601801,,2.947178926314196,32.461049717834854,5096.384805700072,99.47736575313495,7.93915809089656,4.7182645219418635,2.3591322609709318,-0.02460566202883512,4.5999301384190865,,6.339950588606825,3.480040900375475,8.536286705723782,5.056245805348308,1.95690615406328,Synthetic,A
,,106.0,,53.66753037249583,4.101434527744376,7.0,3.7715163382112875,Seam 3 floor ,,504.9326787635771,1.9101104068937618,,7.580391525596102,53.66753037249583,5688.758219484558,68.92514260995752,6.694601657800999,2.734289685162917,1.3671448425814585,0.6471610450443335,4.233021025967677,,6.224425111009819,3.9828081700842857,8.646247264196353,4.663439094112067,1.411336797330545,Synthetic,A
,,101.0,,34.48969875115701,3.8922884956174224,3.0,3.9435041090659566,Seam 5 Floor ,,458.2260053602668,1.4695338182929307,,6.777283295663824,34.48969875115701,3483.4595738668577,78.02522545093933,7.763800109820361,2.5948589970782816,1.2974294985391408,0.38494522008118925,4.357032177623214,,6.127362523887403,3.540660692528378,8.155781209369637,4.61512051684126,1.3589972868637228,Synthetic,A
,,100.0,,31.60952378923413,5.997319304272821,4.0,3.887532474905524,Seam 4 Floor ,,342.26066593215046,1.987705677361732,,7.295124016783821,31.60952378923413,3160.952378923413,60.8762671856807,6.087626718568071,3.998212869515214,1.999106434757607,0.686981047657121,4.1088433973779805,,5.835572627838264,3.453458460920566,8.058628646908659,4.605170185988092,1.7913125867697652,Synthetic,A
,,173.0,,45.61203109949419,5.944815471723366,5.0,4.044476136304851,Seam 4Floor ,,458.89156543646044,1.39804559422572,,7.782412646959066,45.61203109949419,7890.881380212495,67.94701297441415,5.165915735677709,3.963210314482244,1.981605157241122,0.33507525717516173,4.2187281804611505,,6.128813941272102,3.8201715216219028,8.973463116119682,5.153291594497778,1.782519490421887,Synthetic,A
,,75.0,,27.36487897141604,3.9374276562700063,4.0,5.5829568576857005,Seam Top -5,,509.64962540180875,0.8013372995190184,,7.930037281928115,27.36487897141604,2052.365922856203,97.42601599813042,11.249787312518677,2.6249517708466708,1.3124758854233354,-0.22147332252442908,4.579093279685977,,6.233723480603476,3.309260401834997,7.6267485153713075,4.31748811353631,1.3705276309721734,Synthetic,A
,,109.0,,20.0,3.050906512723473,5.0,3.728697579120861,Seam 4Floor ,,371.5788168589988,1.0508471326552995,,6.839100691044341,20.0,2180.0,83.08754934956661,7.958343874162448,2.033937675148982,1.016968837574491,0.049596631891948004,4.419894863314467,,5.917761000091462,2.995732273553991,7.687080155783135,4.6913478822291435,1.115438763745397,Synthetic,A
,,30.0,,32.1877056110364,5.251362986360361,3.0,5.438550989393146,Seam-3,,184.7591396758394,5.175711816966947,,23.106960652603014,32.1877056110364,965.631168331092,32.56573773430048,5.945663052957851,3.5009086575735737,1.7504543287867869,1.6439768788647697,3.483260745950283,,5.219053029109906,3.471584566319246,6.872781947981402,3.4011973816621555,1.6584876593586062,Synthetic,A
,,110.0,,34.84526826207943,4.660627547830571,3.0,5.231861928695216,Seam Top -3,,520.0194243104842,1.2146652853668052,,6.282196532714674,34.84526826207943,3832.9795088287374,88.09426977347916,8.399459055592116,3.1070850318870473,1.5535425159435237,0.1944685535446569,4.478407488528031,,6.253866165321052,3.5509173535860428,8.251397719378458,4.700480365792417,1.539150105987211,Synthetic,A
,,100.0,,96.65566549259609,5.483032510541601,5.0,5.28890844544057,Seam Top -5,,286.0968344903704,4.426563497402915,,11.89394057246384,96.65566549259609,9665.566549259609,29.100429233317033,2.9100429233317033,3.6553550070277336,1.8276775035138668,1.4876235487989995,3.370752924354471,,5.656330335648019,4.571154822587095,9.176325008575187,4.605170185988092,1.701658325738931,Synthetic,A
,,129.0,,20.0,4.229100956643651,5.0,3.7578454097068157,Seam 4Floor ,,375.94411017713094,1.449351801206837,,10.704423889843358,20.0,2580.0,84.06365860967352,7.401392441193488,2.819400637762434,1.409700318881217,0.3711164228326952,4.431574352418483,,5.929440489195478,2.995732273553991,7.855544677915663,4.859812404361672,1.4419894306678471,Synthetic,A
,,75.0,,20.0,3.766763340179648,3.0,3.822687908533253,Seam 5 Floor ,,386.13542572540814,1.5435451880425788,,7.208412238415985,20.0,1500.0,86.34250604428335,9.969973821434778,2.5111755601197654,1.2555877800598827,0.43408184087917073,4.458322015004731,,5.956188151781727,2.995732273553991,7.313220387090301,4.31748811353631,1.326216102255251,Synthetic,A
,,81.0,,30.406388409538568,3.5692981203766583,3.0,4.0766137827643,Seam-3,,342.64610891525484,1.813380005672658,,25.907392549536187,30.406388409538568,2462.917461172624,62.138874807138684,6.9043194230154095,2.3795320802511055,1.1897660401255528,0.5951925102909357,4.129371796416646,,5.836698162109351,3.4146527313854085,7.809101886057848,4.394449154672439,1.2723689715257533,Synthetic,A
,,95.0,,38.06420539632921,2.933804423369372,7.0,3.7166652937449474,Seam 3 floor ,,478.8682916610791,1.0596795327508524,,7.63362703284191,38.06420539632921,3616.099512651275,77.6171509039363,7.9633516577965295,1.9558696155795812,0.9779348077897906,0.05796653482024016,4.351788419571861,,6.171425594384096,3.639274349624469,8.19315124122501,4.553876891600541,1.0763000187973544,Synthetic,A
,,97.0,,37.721261752086804,8.0,4.0,5.081742729015629,Seam 4 Floor ,,438.5804279605468,1.4633660847855312,,5.291329713042758,37.721261752086804,3658.96238995242,71.40952453177147,7.250538688734926,5.333333333333333,2.6666666666666665,0.38073931957092355,4.268431257252498,,6.08354321109515,3.630223907685304,8.204934886188687,4.574710978503383,2.0794415416798357,Synthetic,A
,,72.0,,93.77313563558455,5.827451578478994,5.0,4.535333902948863,Seam Top -5,,322.611698753838,5.455910043532646,,17.094530476086902,93.77313563558455,6751.665765762088,33.31508247874846,3.926220122752028,3.884967718985996,1.942483859492998,1.6966994327829232,3.506010221735538,,5.776449428994647,4.540878414518219,8.817544533534273,4.276666119016055,1.7625797827519403,Synthetic,A
,,111.0,,55.18046487210971,3.741387768563155,7.0,3.609849173071548,Seam 3 floor ,,514.159911459796,1.8756880003777596,,6.3137788525225975,55.18046487210971,6125.031600804178,69.21584650591306,6.569677414386505,2.4942585123754366,1.2471292561877183,0.6289755256535332,4.237229832158288,,6.2425343288594135,4.010608993402252,8.720139194714585,4.709530201312334,1.319456603713434,Synthetic,A
,,110.0,,39.28821227923886,6.914452722311935,4.0,5.320094911853562,Seam Top -5,,501.5437542930185,1.1998128675702888,,3.8705884853430685,39.28821227923886,4321.703350716275,80.01615761770448,7.629241282365993,4.609635148207957,2.3048175741039785,0.18216560094204695,4.382228584501948,,6.217690850441706,3.6709245318795154,8.371404897671932,4.700480365792417,1.9336138184289473,Synthetic,A
,,90.0,,49.721369274227406,4.665036127354841,3.0,5.201384145996546,Seam Top -3,,532.6757628314834,1.8969326573481788,,9.077780606668771,49.721369274227406,4474.9232346804665,75.54250750865219,7.962879462923762,3.1100240849032272,1.5550120424516136,0.640238190769869,4.324695511182052,,6.277912914167156,3.9064348059702065,8.406244476300472,4.499809670330265,1.5400955786111936,Synthetic,A
,,102.0,,59.06673620055259,5.163942246660533,7.0,4.34493162489815,Seam 3 floor ,,463.41998263352383,2.542869420241895,,2.0,59.06673620055259,6024.807092456364,60.298050276888794,5.970396632794541,3.4426281644403556,1.7213140822201778,0.9332931364160855,4.09929976949379,,6.138633732850009,4.078667926712437,8.703640739996708,4.624972813284271,1.64170028908385,Synthetic,A
,,55.0,,30.682037125403248,5.297275064389221,3.0,4.418389729954798,Seam-3,,174.28036261169893,4.589939307369215,,28.144741580647533,30.682037125403248,1687.5120418971787,31.463451273594085,4.242530904255211,3.5315167095928137,1.7657583547964069,1.5238668011896537,3.4488265951603116,,5.1606652818742225,3.423677373427822,7.431010558660293,4.007333185232471,1.66719254954892,Synthetic,A
,,157.0,,23.640306936066477,5.905281679563017,5.0,5.282028974650173,Seam 4Floor ,,422.617192179958,1.1044770552789736,,11.460071576690718,23.640306936066477,3711.5281889624366,86.92017755872297,6.936985370521374,3.9368544530420113,1.9684272265210057,0.09937196980890409,4.464990198169425,,6.046466786275809,3.1629531762127665,8.219198981561075,5.056245805348308,1.7758471503851274,Synthetic,A
,,79.0,,83.22453010201869,5.8199952773037,5.0,4.392123312916375,Seam Top -5,,256.0263617393312,5.523446030735709,,31.504503314807394,83.22453010201869,6574.737878059476,28.06460983363357,3.1575152968030644,3.8799968515357994,1.9399984257678997,1.7090019464371078,3.3345093460574957,,5.545280414722208,4.421542137329423,8.790989989796444,4.3694478524670215,1.7612994502831718,Synthetic,A
,,127.0,,24.63800301008544,4.466073736344209,5.0,4.077123656867034,Seam 4Floor ,,379.37140240590213,1.379051282879803,,2.0,24.63800301008544,3129.026382280851,76.42964423507816,6.782034232435435,2.9773824908961393,1.4886912454480696,0.3213957865749508,4.3363706344628286,,5.938515678818953,3.2042900887122503,8.048477175170841,4.844187086458591,1.4965096638826996,Synthetic,A
,,111.0,,20.0,6.1843897716828025,4.0,4.420672252065707,Seam 4 Floor ,,396.7970373794086,1.4032126594547005,,9.440697158158056,20.0,2220.0,88.72651488508826,8.421548103843465,4.122926514455202,2.061463257227601,0.33876436444136526,4.485558772324118,,5.983424909101113,2.995732273553991,7.705262474866325,4.709530201312334,1.822028338354954,Synthetic,A
,,100.0,,42.14180706635066,4.845846984952616,3.0,3.4066792413174762,Seam 5 Floor ,,468.98849497715486,1.734515407833041,,26.618386897808033,42.14180706635066,4214.180706635066,72.24463673730735,7.224463673730736,3.230564656635077,1.6152823283175386,0.5507280705436122,4.280058092227622,,6.150578237179836,3.7410402899044257,8.346210475892516,4.605170185988092,1.578122046359831,Synthetic,A
,,113.0,,20.0,3.9328014980829034,5.0,3.814895288593375,Seam 4Floor ,,473.72672849187114,1.0837443597871077,,6.840905077005912,20.0,2260.0,105.92851676664102,9.9649166279301,2.621867665388602,1.310933832694301,0.08042204475038234,4.662764496496225,,6.16063063327322,2.995732273553991,7.723120092266331,4.727387818712341,1.369352021309691,Synthetic,A
,,167.0,,39.79274660663313,6.1063489481781525,5.0,4.011653800442935,Seam 4Floor ,,450.6180940020989,1.8276531814995607,,5.77089003991033,39.79274660663313,6645.388683307733,71.4342793973121,5.527750499697474,4.070899298785434,2.035449649392717,0.6030327293750736,4.268777857736489,,6.110620182545022,3.683684649617066,8.801678462033822,5.117993812416755,1.8093290410875988,Synthetic,A
,,55.0,,33.65543368635576,3.4158977810799867,3.0,4.675013394068265,Seam-3,,271.60421471544373,3.7985763397461665,,23.434539834220704,33.65543368635576,1851.0488527495665,46.8175744024605,6.312880444600295,2.2772651873866576,1.1386325936933288,1.334626349099237,3.8462586538531753,,5.604345913662236,3.516174519618121,7.523507704850592,4.007333185232471,1.2284403519071718,Synthetic,A
,,81.0,,37.28140259719723,5.905341261855208,4.0,5.468611810767425,Seam Top -5,,474.197128738006,1.218861034272538,,8.811238256459008,37.28140259719723,3019.7936103729753,77.66275605762426,8.629195117513808,3.9368941745701385,1.9684470872850692,0.19791684422424102,4.35237581244054,,6.161623118653053,3.6184946124250277,8.012943767097466,4.394449154672439,1.7758572399955546,Synthetic,A
,,41.0,,31.224642069678872,4.9601530945387395,3.0,4.919187127268764,Seam-3,,475.3696118505716,1.3704859837996208,,10.057531547629388,31.224642069678872,1280.2103248568337,85.07122401039058,13.285893082171006,3.306768729692493,1.6533843648462465,0.31516540963771766,4.443488835157359,,6.164092631660015,3.4412075930053128,7.154779659709621,3.713572066704308,1.6014366060949194,Synthetic,A
,,169.0,,36.73765182314452,5.104708057578633,5.0,3.3293626644908567,Seam 4Floor ,,642.4438085751303,0.6192917972542119,,10.593211384448361,36.73765182314452,6208.663158111423,105.9935531880693,8.153350245236101,3.403138705052422,1.701569352526211,-0.4791787163152283,4.6633782732820395,,6.465279355474133,3.6038021643841867,8.73370087930726,5.1298987149230735,1.6301632624355475,Synthetic,A
,,71.0,,31.224979807057046,3.238208200734718,3.0,4.286937233665352,Seam-3,,257.2571935696755,2.4087145922568975,,35.0,31.224979807057046,2216.97356630105,46.03799956638864,5.463705346532661,2.1588054671564785,1.0794027335782392,0.8790932410045208,3.82946713300503,,5.550076337664982,3.4412184093199047,7.70389828636122,4.2626798770413155,1.175020152365214,Synthetic,A
,,116.0,,45.55055083358409,2.6243671946302234,7.0,4.303082545305728,Seam 3 floor ,,478.8154896815279,1.645851652704507,,5.224081128897392,45.55055083358409,5283.863896695754,70.94493167719328,6.587071539872123,1.7495781297534823,0.8747890648767411,0.498257972254353,4.261903965919744,,6.171315324208003,3.8188227165765167,8.572412907682882,4.7535901911063645,0.9648397982695586,Synthetic,A
,,117.0,,25.822109349109553,4.7268464564887305,3.0,3.2566146086498318,Seam 5 Floor ,,432.6356362860926,1.376782645430386,,2.7329798977542072,25.822109349109553,3021.1867938458176,85.13858570706964,7.871065033008336,3.151230970992487,1.5756154854962434,0.31974936083167127,4.444280348881599,,6.069895887116666,3.2512310764701327,8.013405011267889,4.762173934797756,1.553258269051412,Synthetic,A
,,98.0,,62.20663965800665,3.7755071870681483,7.0,4.1582130365245416,Seam 3 floor ,,482.37125136212785,2.0171209961943095,,3.8879129147046574,62.20663965800665,6096.250686484652,61.159375992296894,6.17802992818441,2.517004791378765,1.2585023956893826,0.701671245370331,4.113483178135969,,6.178714048616658,4.130461740961378,8.715429219631948,4.584967478670572,1.32853472786651,Synthetic,A
,,164.0,,37.935275336775796,6.299668087560782,5.0,4.222327592833479,Seam 4Floor ,,536.4204887397867,1.136629852901179,,2.0,37.935275336775796,6221.385155231231,87.09309761014505,6.80082834415396,4.199778725040521,2.0998893625202606,0.12806761462586136,4.466977633992036,,6.2849183474338,3.6358814268835293,8.735747854707729,5.099866427824199,1.8404969474954478,Synthetic,A
,,72.0,,46.67597490105887,5.160937332734659,4.0,3.5023223180379914,Seam 5floor ,,468.8109856925044,1.6366001310314995,,3.400688225406459,46.67597490105887,3360.6701928762386,68.62005805899153,8.086951396487919,3.4406248884897725,1.7203124442448863,0.4926209991743816,4.228584883524256,,6.15019967163266,3.843229576216809,8.119895695232863,4.276666119016055,1.6411182166271963,Synthetic,A
,,35.0,,82.99550569574431,4.304514105569086,5.0,5.445369041887445,Seam Top -5,,222.544951600616,9.03461823303556,,12.998146175800636,82.99550569574431,2904.842699351051,24.428143306368977,4.129109850099135,2.8696760703793904,1.4348380351896952,2.2010636689218566,3.1957358818234978,,5.40512911086674,4.418786458086485,7.974134519575898,3.5553480614894135,1.4596642640460555,Synthetic,A
,,143.0,,23.12121333128554,3.2193077544211683,5.0,3.141103188119184,Seam 4Floor ,,386.1056988754942,1.3145943265717588,,8.725400945895315,23.12121333128554,3306.333506373832,80.29729242872334,6.714796921872276,2.1462051696141122,1.0731025848070561,0.27352812113116376,4.385735902186528,,5.956111163263552,3.1407505221540473,8.103595152413956,4.962844630259907,1.169166353345122,Synthetic,A
,,72.0,,20.0,5.163269864914321,4.0,4.648229466999279,Seam 4 Floor ,,504.57733789281275,1.1135361325742752,,6.788250438493806,20.0,1440.0,112.82692274342098,13.29678036204728,3.4421799099428805,1.7210899549714402,0.10754065673912448,4.7258549873885585,,6.223721124165555,2.995732273553991,7.272398392570047,4.276666119016055,1.641570073544574,Synthetic,A
,,75.0,,41.070691770004345,4.575554653431614,4.0,3.979571033201996,Seam 5floor ,,546.881156152176,1.4496928900763952,,10.337341130146068,41.070691770004345,3080.301882750326,85.33495233082917,9.85363153989762,3.0503697689544094,1.5251848844772047,0.371351734052393,4.44658412825838,,6.304231514012498,3.715294771508239,8.03278288504455,4.31748811353631,1.5207279271017855,Synthetic,A
,,110.0,,20.0,6.614386615755656,4.0,4.440501012134553,Seam 4 Floor ,,385.0752324139855,1.3631812847094609,,9.81820032500989,20.0,2200.0,86.1054396129202,8.209831540146487,4.409591077170437,2.2047955385852185,0.30982114805901545,4.455572587288457,,5.953438724065453,2.995732273553991,7.696212639346407,4.700480365792417,1.8892470670023662,Synthetic,A
,,35.0,,100.0,7.280990581713633,5.0,4.411051678509714,Seam Top -5,,270.1438825657927,5.207650562624539,,32.66546123880232,100.0,3500.0,27.01438825657927,4.566265034787208,4.853993721142421,2.4269968605712107,1.6501288063849628,3.29636962245623,,5.598954715450276,4.605170185988092,8.160518247477505,3.5553480614894135,1.985266921868767,Synthetic,A
,,66.0,,20.0,5.36243885138036,4.0,4.031488997800037,Seam 4 Floor ,,561.3575218595935,0.861509635661777,,6.637920925499021,20.0,1320.0,125.52335785588751,15.450857271213533,3.574959234253573,1.7874796171267866,-0.14906903832710558,4.832491859627569,,6.3303579964045635,2.995732273553991,7.1853870155804165,4.189654742026425,1.6794188811831272,Synthetic,A
,,101.0,,35.99936941705506,4.939383338222837,3.0,5.809401012510299,Seam Top -3,,428.75252807332623,1.5187576847307944,,3.8901423903770787,35.99936941705506,3635.9363111225607,71.45938052977583,7.110474121649454,3.292922225481891,1.6464611127409454,0.4178926879989701,4.2691291837888095,,6.060879894843701,3.5835014221097845,8.198621938951044,4.61512051684126,1.5972404930886146,Synthetic,A
,,178.0,,24.395117795979296,5.75377150665615,5.0,4.607577504435877,Seam 4Floor ,,479.53666720872025,0.8684886035411701,,2.2230854324109615,24.395117795979296,4342.330967684315,97.08907441796657,7.277133793154337,3.8358476711041,1.91792383555205,-0.14100081538917866,4.575628850099065,,6.1728203610739145,3.1943830219496983,8.376166572241782,5.181783550292085,1.7498555539926262,Synthetic,A
,,67.0,,36.83035630734629,4.472881262419038,3.0,5.371042294261899,Seam Top -3,,487.6239482045809,1.5142158613975534,,3.9288596155153495,36.83035630734629,2467.6338725922014,80.3492942304607,9.816228630556664,2.9819208416126917,1.4909604208063458,0.4148977217329542,4.3863833084543495,,6.189544510848501,3.606322404788301,7.811015024179267,4.204692619390966,1.4980327786968637,Synthetic,A
,,77.0,,29.04085257947775,5.030989771110416,3.0,4.469924051764844,Seam 5 Floor ,,474.279028382745,0.9583235822843713,,2.0,29.04085257947775,2236.1456486197867,88.00943651119859,10.029606118704098,3.3539931807402774,1.6769965903701387,-0.04256978947817421,4.477444041810953,,6.161795815972491,3.3687035483230776,7.712508970176761,4.343805421853684,1.6156167383348656,Synthetic,A
,,98.0,,32.60416357773442,5.308113168342895,3.0,4.4230067723356346,Seam 5 Floor ,,406.04395268908996,1.4578646728270723,,7.339264765323964,32.60416357773442,3195.208030617973,71.11095565646895,7.183291280192154,3.5387421122285962,1.7693710561142981,0.3769728122876688,4.2642414129342034,,6.006461411597176,3.484439997325944,8.069407475996515,4.584967478670572,1.6692364365785743,Synthetic,A
,,80.0,,37.83742232642011,4.3051142485875165,3.0,4.838321893856896,Seam Top -3,,444.2451745239634,1.6221205812132988,,3.921207031748801,37.83742232642011,3026.9937861136086,72.220742301947,8.074524458632407,2.8700761657250107,1.4350380828625053,0.4837342939986792,4.279727294139705,,6.096376604902528,3.633298621525647,8.015325256199528,4.382026634673881,1.4598036761076953,Synthetic,A
,,120.0,,37.19511192777893,4.0358134936759225,7.0,4.023801775907176,Seam 3 floor ,,402.230816250016,2.4998297605271658,,2.0,37.19511192777893,4463.413431333472,65.95267353741372,6.020627837369254,2.6905423291172816,1.3452711645586408,0.9162226337663979,4.188937417195532,,5.997026093622782,3.616177352854503,8.403669095636548,4.787491742782046,1.3952078907387602,Synthetic,A
,,111.0,,37.8834012494701,5.027626427147116,7.0,3.2637458109794957,Seam 3 floor ,,473.4559505514501,1.3239507798556494,,11.522536768054469,37.8834012494701,4205.0575386911805,76.92280231739575,7.301189287524503,3.35175095143141,1.675875475715705,0.2806202814881843,4.342802351640373,,6.160058878840229,3.6345130543997137,8.344043255712046,4.709530201312334,1.6149479894687482,Synthetic,A
,,184.0,,40.43727735330735,6.551228962571978,5.0,3.955152186596237,Seam 4Floor ,,492.02519243660663,1.3671328414927617,,6.334318057275882,40.43727735330735,7440.459033008553,77.3742382597297,5.704104522504815,4.367485975047985,2.1837429875239924,0.3127157304108579,4.348653886170901,,6.198529919320865,3.69975206629993,8.914687823908915,5.214935757608986,1.8796526599208367,Synthetic,A
,,119.0,,49.01769000673988,4.670157950720391,7.0,4.591707124769593,Seam 3 floor ,,441.301720923839,2.1960982483116767,,5.298386756755658,49.01769000673988,5833.1051108020465,63.03172614176168,5.778108861924674,3.113438633813594,1.556719316906797,0.7866822623148361,4.143638189184641,,6.089728815936692,3.8921812535041016,8.67130474661563,4.77912349311153,1.5411928935329073,Synthetic,A
,,111.0,,30.191145930028398,7.094388245953931,4.0,4.169646375871432,Seam 4 Floor ,,380.989706063981,1.3792911797635659,,12.938973254036876,30.191145930028398,3351.217198233152,69.33834044774622,6.581304024818724,4.729592163969287,2.3647960819846436,0.32156972935951567,4.238998006421954,,5.942772356556929,3.4075487002699485,8.117078901582282,4.709530201312334,1.9593040836322597,Synthetic,A
,,95.0,,41.24220131536001,7.0838761378986,4.0,5.511570602343613,Seam Top -5,,375.62506496462345,2.3373540222255897,,4.263215757402234,41.24220131536001,3918.0091249592015,58.49027261332277,6.000975350882831,4.7225840919324,2.3612920459662,0.8490195298458241,4.068860460297599,,5.928591478240201,3.719462035885205,8.273338927485746,4.553876891600541,1.9578212349990367,Synthetic,A
,,98.0,,51.20863969722183,4.822914104242453,7.0,4.045792869346881,Seam 3 floor ,,427.45915612159905,2.5282660287047727,,5.86543243750236,51.20863969722183,5018.446690327739,59.73419348493,6.034064754557613,3.2152760694949682,1.6076380347474841,0.9275337036217439,4.089904611628363,,6.0578587425764345,3.935908261896144,8.520875740566716,4.584967478670572,1.5733783313164758,Synthetic,A
,,44.0,,25.146153859921395,5.115949931824945,3.0,4.307314067165134,Seam-3,,100.0,9.36186196876591,,22.479401338927225,25.146153859921395,1106.4307698365415,19.94179354500115,3.006338492522732,3.4106332878832966,1.7053166439416483,2.236644198992849,2.9928177075800266,,4.605170185988092,3.224704956816129,7.00889459073439,3.784189633918261,1.6323630970824965,Synthetic,A
,,98.0,,91.51667936128472,5.694013586033527,5.0,4.446340243326844,Seam Top -5,,269.2792659262851,7.074590968603925,,18.92603973026695,91.51667936128472,8968.634577405903,28.148339984524274,2.8434117260287928,3.7960090573556844,1.8980045286778422,1.9565096282331422,3.337488382492502,,5.595749004377748,4.516521243770491,9.101488722441063,4.584967478670572,1.7394153748792596,Synthetic,A
,,74.0,,54.196773182821865,5.082782212250549,3.0,5.459651434853877,Seam Top -3,,463.85319158164356,2.058524273823106,,2.0,54.196773182821865,4010.561215528818,63.00773011220195,7.324499848151317,3.388521474833699,1.6942607374168495,0.7219893541539768,4.143257419058161,,6.139568104708666,3.9926213713010097,8.296686464505179,4.30406509320417,1.6258587912455476,Synthetic,A
,,104.0,,31.420575805934895,5.572474651181305,4.0,5.276262042629193,Seam Top -5,,386.5835590371664,1.530480937783524,,6.939496377921521,31.420575805934895,3267.739883817229,68.9662020635965,6.7626925019358,3.7149831007875367,1.8574915503937683,0.42558202443097737,4.233616559428456,,5.957348038806211,3.447462958755509,8.091853857896881,4.6443908991413725,1.7178392373543605,Synthetic,A
,,126.0,,37.72492201030688,4.438010501591454,5.0,4.050882036493813,Seam 4Floor ,,525.4045020360792,1.2413516160680078,,6.3629473554553275,37.72492201030688,4753.340173298667,85.54204225158203,7.620690815960964,2.958673667727636,1.479336833863818,0.21620079894223107,4.449007977327676,,6.2641684459929525,3.630320937330553,8.466602844282031,4.836281906951478,1.490206190796799,Synthetic,A
,,80.0,,89.88977635786246,5.7764007473599674,5.0,4.862984092876027,Seam Top -5,,206.79196519838058,8.15716935119998,,30.0644772332231,89.88977635786246,7191.1821086289965,21.81114728733383,2.438560400086929,3.8509338315733115,1.9254669157866557,2.098897215559343,3.0824211825592087,,5.33171328887358,4.498584212628741,8.880610847302622,4.382026634673881,1.7537807806518808,Synthetic,A
,,114.0,,53.97902237237797,5.2860209950697765,3.0,5.105283988814293,Seam Top -3,,367.7720978383564,2.67625659370758,,2.0,53.97902237237797,6153.608550451088,50.05716732073632,4.688283268057248,3.524013996713184,1.762006998356592,0.9844190247048316,3.9131656987201433,,5.907463446971584,3.9885954965028816,8.724793944897378,4.736198448394496,1.6650657879997446,Synthetic,A
,,56.0,,84.57771125605292,5.530184465787057,5.0,5.440148124626624,Seam Top -5,,399.9695262772931,3.3856276405275927,,26.063471793564705,84.57771125605292,4736.351830338964,43.490954507443625,5.811723256808067,3.686789643858038,1.843394821929019,1.2195393073529541,3.772552974114011,,5.991388359899043,4.437670771570064,8.463022462305213,4.02535169073515,1.7102211722630838,Synthetic,A
,,138.0,,42.22825497606295,4.345776170209113,3.0,4.737926640243643,Seam 5 Floor ,,428.98000521119377,2.0159764672556197,,18.1796144808617,42.22825497606295,5827.499186696687,66.01391392464191,5.619477534929732,2.897184113472742,1.448592056736371,0.7011036771527085,4.189865536847664,,6.06141030994252,3.74308954618971,8.670343231346914,4.927253685157205,1.4692043780249926,Synthetic,A
,,73.0,,86.99991497304148,5.876770627226614,5.0,5.761842099720303,Seam Top -5,,202.6784155465979,9.441198916234988,,30.464976302630845,86.99991497304148,6350.993793032028,21.7294176031717,2.5432359641790097,3.9178470848177427,1.9589235424088713,2.2450829759315565,3.078666992398435,,5.311620563064808,4.465907141332743,8.756366582481135,4.290459441148391,1.7710073979811032,Synthetic,A
,,81.0,,20.0,4.585485419375111,5.0,4.185979950379249,Seam 4Floor ,,397.99096153954935,0.7409695262383665,,5.193462687264109,20.0,1620.0,88.99348444329367,9.88816493814374,3.056990279583407,1.5284951397917035,-0.2997957797161044,4.488563158549948,,5.986429295326944,2.995732273553991,7.3901814282264295,4.394449154672439,1.5228959712877002,Synthetic,A
,,114.0,,25.87888058434599,3.2124501807800785,5.0,3.9140341548177395,Seam 4Floor ,,451.15697375543846,1.1997799414351007,,8.013626425357565,25.87888058434599,2950.192386615443,88.68597226672927,8.306202331134623,2.1416334538533857,1.0708167269266928,0.18213815783997844,4.485101728744879,,6.111815336052257,3.253427214614757,7.989625663009252,4.736198448394496,1.1670339421727087,Synthetic,A
,,80.0,,47.73965534406012,7.085306705746763,4.0,4.073124003909427,Seam 5floor ,,463.3222650017395,1.3672366778775782,,8.55601115818522,47.73965534406012,3819.1724275248093,67.05690906956781,7.49719035202879,4.723537803831175,2.3617689019155876,0.3127916794617311,4.20554164796221,,6.138422848685839,3.865762401447257,8.247789036121139,4.382026634673881,1.958023161654767,Synthetic,A
,,75.0,,50.292236852075426,2.830007606521621,3.0,5.26106017862754,Seam-3,,252.32726974998786,4.184265058418075,,3.7992619057011776,50.292236852075426,3771.917763905657,35.58063646291035,4.1084980079599,1.8866717376810807,0.9433358688405403,1.431331075238396,3.571801570298898,,5.530726934427724,3.9178507282576525,8.235338841793963,4.31748811353631,1.0402793994683612,Synthetic,A
,,171.0,,37.55630063094972,7.07828462506323,5.0,4.259033471922546,Seam 4Floor ,,546.2718932465592,1.186125970761645,,9.242493390511633,37.55630063094972,6422.1274078924025,89.1389373363324,6.816624908485572,4.718856416708819,2.3594282083544096,0.17069250974259823,4.49019624615873,,6.303116824776554,3.625841157235647,8.767504713738306,5.14166355650266,1.957031593754385,Synthetic,A
,,144.0,,26.546224494795087,4.5379248918901,5.0,4.653993318570053,Seam 4Floor ,,342.5639672250387,2.109132168557027,,14.75136430344881,26.546224494795087,3822.6563272504927,66.48754513311155,5.540628761092629,3.0252832612600664,1.5126416306300332,0.7462765683604476,4.19701463888921,,5.836458405884304,3.278887533990187,8.248700833566188,4.969813299576001,1.5124698352929824,Synthetic,A
,,142.0,,47.76914355121307,6.721803738711353,5.0,5.057877860958327,Seam 4Floor ,,442.66937514182325,1.9129675875978291,,9.475807153114992,47.76914355121307,6783.218384272256,64.04802615192327,5.374790958239282,4.481202492474235,2.2406012462371176,0.6486557470829148,4.159633210567697,,6.092823159892826,3.866379898650259,8.822206956251518,4.955827057601261,1.905356532017313,Synthetic,A
,,94.0,,54.808431553692294,2.5,7.0,3.897372685192957,Seam 3 floor ,,489.7998261676678,1.9130628659839155,,6.016039482120906,54.808431553692294,5151.992566047075,66.15991515674153,6.823874214334238,1.6666666666666665,0.8333333333333333,0.64870555242935,4.192074768319534,,6.193996789613284,4.0038440425875,8.547138824857504,4.543294782270004,0.9162907318741551,Synthetic,A
,,30.0,,29.845798558656416,5.815109596177985,3.0,6.0,Seam-3,,173.3876154178575,5.788785313217205,,21.451823608590168,29.845798558656416,895.3739567596924,31.737774646673536,5.794498366332883,3.876739730785323,1.9383698653926615,1.7559224791124566,3.457507600689251,,5.155529639753421,3.3960440781283414,6.797241459790497,3.4011973816621555,1.7604596329431488,Synthetic,A
,,61.0,,100.0,5.9599046594597995,5.0,5.586119623379197,Seam Top -5,,252.5129929866996,8.46461463017113,,15.682661148376939,100.0,6100.0,25.25129929866996,3.233097576453426,3.9732697729731994,1.9866348864865997,2.1358944894656497,3.2288776117705513,,5.531462704764597,4.605170185988092,8.716044050161402,4.110873864173311,1.7850544842143763,Synthetic,A
,,81.0,,84.08304984456518,3.9765300480602717,5.0,4.949588504907396,Seam Top -5,,252.73405004415315,6.135456652649997,,31.099249819634775,84.08304984456518,6810.72703740978,27.561923881470044,3.0624359868300046,2.651020032040181,1.3255100160200906,1.8140845094025808,3.3164352507290196,,5.53233775024822,4.431804999038401,8.826254153710838,4.394449154672439,1.380409591795474,Synthetic,A
,,103.0,,20.0,7.0385421662677565,4.0,5.24928241943254,Seam 4 Floor ,,433.6236467771377,1.0918718112111574,,5.7387599575172485,20.0,2060.0,96.96119508450374,9.55387043625613,4.692361444178504,2.346180722089252,0.08789348143131367,4.574310847786545,,6.072176984563541,2.995732273553991,7.630461261783627,4.634728988229636,1.9514010700710576,Synthetic,A
,,73.0,,38.21183440489669,7.1553384628391745,4.0,4.842824150709583,Seam 5floor ,,545.5819062450634,1.2289773179300114,,5.950226176413312,38.21183440489669,2789.4639115574587,88.25940907415523,10.329982488891703,4.770225641892782,2.385112820946391,0.20618237470163736,4.480280308534094,,6.3018529429387735,3.64314526880936,7.933604709957752,4.290459441148391,1.9678587162696357,Synthetic,A
,,46.0,,37.51003977377635,4.476390342507862,4.0,3.7698522779030768,Seam 5floor ,,462.9678106311441,1.39188668853689,,11.653987375188121,37.51003977377635,1725.461829593712,75.59220852020997,11.145463094288637,2.9842602283385746,1.4921301141692873,0.33066015668575854,4.325353215972259,,6.137657528194515,3.6246086244445093,7.453250020933605,3.828641396489095,1.4988169945355543,Synthetic,A
,,67.0,,45.6653863587186,5.14033686024009,3.0,5.866107626242824,Seam Top -3,,393.4634985071034,1.9263215271023795,,2.0,45.6653863587186,3059.5808860341463,58.22518552092987,7.113338562634791,3.42689124016006,1.71344562008003,0.6556122397868599,4.064318002041496,,5.974988302454762,3.8213406008265323,8.026033220217498,4.204692619390966,1.6371186143313083,Synthetic,A
,,83.0,,40.93678268365166,6.110872897155346,3.0,5.537541410517981,Seam Top -3,,401.79867304049736,1.2577035035181905,,2.0,40.93678268365166,3397.7529627430877,62.79884328857398,6.893068561778855,4.07391526477023,2.036957632385115,0.229287441722011,4.13993665433277,,5.995951149838042,3.7120289910105444,8.130869598807141,4.418840607796598,1.8100696266710048,Synthetic,A
,,111.0,,20.0,4.484129050765717,5.0,5.184279563989596,Seam 4Floor ,,423.48953547239574,0.920334119879017,,9.703097977982639,20.0,2220.0,94.69513890760854,8.98806482530502,2.9894193671771445,1.4947096835885723,-0.08301850108914599,4.55066266738148,,6.048528804158476,2.995732273553991,7.705262474866325,4.709530201312334,1.500544285073583,Synthetic,A
,,140.0,,22.853895504403898,4.168848840927619,5.0,3.7879807090002506,Seam 4Floor ,,403.8257460721729,0.9334142513287939,,6.997627908594241,22.853895504403898,3199.545370616546,84.47221562400604,7.139205244097337,2.7792325606184125,1.3896162803092063,-0.06890617739271392,4.436422671110175,,6.000983463311698,3.129121584403047,8.07076400701235,4.941642422609304,1.4276399403683646,Synthetic,A
,,151.0,,30.856701953554925,3.882197696081993,5.0,3.823286628132002,Seam 4Floor ,,420.33848853874343,1.827685026719555,,8.461514886238435,30.856701953554925,4659.361994986793,75.67011699254672,6.157946788239793,2.5881317973879954,1.2940658986939977,0.6030501533277594,4.32638332679413,,6.041060311786414,3.4293539699845677,8.446633806799491,5.017279836814924,1.3564014097978732,Synthetic,A
,,153.0,,42.14260291439084,6.583634213308652,5.0,3.0,Seam 4Floor ,,497.04103467336006,1.5422975920518573,,7.584381435711309,42.14260291439084,6447.818245901799,76.56522562154554,6.189931617389801,4.389089475539101,2.1945447377695504,0.43327324747529106,4.338143000060263,,6.20867258742348,3.7410591747264323,8.771497096118868,5.030437921392435,1.8845869049220478,Synthetic,A
,,86.0,,38.4939311083171,4.825516881300846,3.0,5.285596960283981,Seam Top -3,,438.3485823344013,1.6417233894846108,,2.0,38.4939311083171,3310.4780753152704,70.65183954821929,7.6185837904088505,3.217011254200564,1.608505627100282,0.49574653732935825,4.257764146275209,,6.083014443934238,3.6505005953180594,8.104847891571568,4.454347296253507,1.573917854711612,Synthetic,A
,,98.0,,70.31406232968715,4.796686022974796,7.0,4.187625627809359,Seam 3 floor ,,511.0729201770241,1.8239353459521122,,9.671577954396215,70.31406232968715,6890.7781083093405,60.94832505930628,6.15671056448535,3.197790681983197,1.5988953409915985,0.6009964447257207,4.110026374980467,,6.236512280956406,4.252971811951879,8.83793929062245,4.584967478670572,1.567925267589556,Synthetic,A
,,101.0,,36.174348630161944,3.7049291667470596,5.0,3.7185031642321666,Seam 4Floor ,,378.0942515537182,1.9825224648702007,,2.1986203701114793,36.174348630161944,3653.6092116463565,62.86366753319102,6.255168710852131,2.469952777831373,1.2349763889156864,0.6843700060491461,4.140968374134377,,5.935143507273559,3.588350266278365,8.203470783119624,4.61512051684126,1.3096641402784,Synthetic,A
,,84.0,,31.880716871921777,5.984094711768908,4.0,4.959074634255971,Seam Top -5,,420.7477783087112,1.344090859769968,,5.999043864801019,31.880716871921777,2677.9802172414293,74.51741694987493,8.130516756318743,3.989396474512605,1.9946982372563025,0.2957178438114225,4.311032882624241,,6.04203355274494,3.4620013402413967,7.89281813908471,4.430816798843313,1.789105068048411,Synthetic,A
,,128.0,,34.19698463066466,4.0127230795273885,5.0,3.344389494912442,Seam 4Floor ,,364.34392751672675,2.0535980605571664,,7.133397692899212,34.19698463066466,4377.214032725076,62.304243760087296,5.506969157432171,2.6751487196849255,1.3375743598424628,0.7195934061631509,4.132029541612916,,5.8980982773566435,3.532137471487456,8.384167735407074,4.852030263919617,1.3894700830546234,Synthetic,A
,,100.0,,29.20169370152758,3.3624693031425936,5.0,4.599222476415843,Seam 4Floor ,,457.520903896867,1.351673754496686,,6.543457349828331,29.20169370152758,2920.1693701527583,84.66558644243032,8.466558644243033,2.2416462020950623,1.1208231010475311,0.3013436426561858,4.438709219715063,,6.125822575249599,3.3742267110690713,7.979396897057163,4.605170185988092,1.2126756157093626,Synthetic,A
,,121.0,,26.867726371841943,5.980578176086446,4.0,4.255150262735845,Seam 4 Floor ,,516.55079157793,0.8925118628932877,,13.654156546689482,26.867726371841943,3250.9948909928753,99.65465112024367,9.05951373820397,3.987052117390964,1.993526058695482,-0.11371547365949249,4.6017107201329885,,6.247173621726629,3.2909258031872812,8.086716348784023,4.795790545596741,1.788517248253139,Synthetic,A
,,90.0,,41.42121804485944,5.55582080069699,4.0,6.0,Seam Top -5,,450.4305427417957,1.458637264066738,,3.4484472535289994,41.42121804485944,3727.909624037349,69.98684218932159,7.377260918700717,3.703880533797993,1.8519402668989966,0.37750261907295796,4.248307255657047,,6.110203887008103,3.7237932627021113,8.223602933032376,4.499809670330265,1.7148461710776706,Synthetic,A
,,109.0,,35.43256699408389,4.71567280705235,4.0,4.912199349644483,Seam Top -5,,395.712220993555,2.1054825462059057,,5.107528929003568,35.43256699408389,3862.1498023551444,66.4780320519159,6.367440648909924,3.1437818713682333,1.5718909356841166,0.7445446789658737,4.19687154800188,,5.98068723240664,3.567631368809521,8.258979251038664,4.6913478822291435,1.5508916009324634,Synthetic,A
,,36.0,,36.92280924861982,5.454282779017017,3.0,4.620190579475845,Seam-3,,300.55130856987506,2.736811544435743,,7.81666049839027,36.92280924861982,1329.2211329503136,49.461952365744736,8.243658727624123,3.636188519344678,1.818094259672339,1.0067935728964708,3.9012037349443065,,5.705618483393094,3.6088294968975756,7.1923484353536855,3.58351893845611,1.6964011310839224,Synthetic,A
,,90.0,,56.58682013023172,3.355175744263544,7.0,3.793843440632569,Seam 3 floor ,,543.7192717703786,1.4200895315428401,,2.0,56.58682013023172,5092.813811720855,72.27982322457045,7.618962342132625,2.2367838295090294,1.1183919147545147,0.35071992000785934,4.280545020017806,,6.298433069119388,4.035776098203165,8.53558576853343,4.499809670330265,1.210504151842637,Synthetic,A
,,104.0,,41.419621933963924,5.839366507167413,4.0,3.7940195117278743,Seam 4 Floor ,,432.6423360395979,1.689806354728871,,4.321005329557364,41.419621933963924,4307.640681132249,67.22424752736852,6.591879806320068,3.8929110047782753,1.9464555023891377,0.5246139393691807,4.208034008747076,,6.069911372899778,3.7237547283054027,8.368145627446776,4.6443908991413725,1.7646223161562185,Synthetic,A
,,136.0,,27.009559777757392,3.7295791667631466,5.0,4.241135945351471,Seam 4Floor ,,370.69231194784624,1.3859853146561023,,4.020737939423021,27.009559777757392,3673.300129775005,71.3271425616346,6.11625201578918,2.486386111175431,1.2431930555877155,0.3264113052253612,4.267276936068433,,5.915372370658772,3.2961908691806765,8.208845754916728,4.912654885736052,1.316295403366537,Synthetic,A
,,100.0,,46.36962668022275,2.5,7.0,3.7900501501104387,Seam 3 floor ,,456.8689234414345,1.781865606732409,,10.633106445717882,46.36962668022275,4636.9626680222755,67.09263030396805,6.709263030396805,1.6666666666666665,0.8333333333333333,0.5776609091071917,4.206074206410213,,6.124396530150608,3.8366446474807896,8.44181483346888,4.605170185988092,0.9162907318741551,Synthetic,A
,,69.0,,73.76615315924809,4.510920877058541,5.0,5.565626395198869,Seam Top -5,,274.5713047072707,5.761681621352727,,12.608714107838695,73.76615315924809,5089.864567988118,31.968818018129998,3.8485934292562884,3.007280584705694,1.503640292352847,1.7512293802507461,3.4647609907939767,,5.615210989356663,4.300899997125371,8.53500650172263,4.23410650459726,1.5065013182721079,Synthetic,A
,,112.0,,40.6904277757091,5.7602091387126375,4.0,4.362626252412792,Seam 4 Floor ,,368.25979929309557,2.2131705101762673,,11.120720006765964,40.6904277757091,4557.327910879419,57.730880900212775,5.455055493951845,3.8401394258084247,1.9200697129042124,0.7944261074348218,4.055792227924255,,5.908788665424793,3.705992875001077,8.424491746296171,4.718498871295094,1.7509737828529286,Synthetic,A
,,113.0,,22.89406629942432,6.363650785839725,4.0,5.192221055842824,Seam 4 Floor ,,385.26200043653216,1.9229462072645325,,9.325522714269265,22.89406629942432,2587.029491834948,80.5183204484454,7.5745264333050315,4.242433857226483,2.1212169286132414,0.6538584928740048,4.388484741741888,,5.953923623452998,3.1308777634222182,7.858265582134559,4.727387818712341,1.8506022355946627,Synthetic,A
,,103.0,,54.27847432065013,4.595230616519329,7.0,4.37872787465852,Seam 3 floor ,,486.2880742038831,1.9671431439481495,,2.0,54.27847432065013,5590.682855026964,66.00545103631174,6.503710342451765,3.0634870776795524,1.5317435388397762,0.6765823094831369,4.189737330075207,,6.186801193571882,3.994127726993348,8.628856715222984,4.634728988229636,1.5250189431269898,Synthetic,A
,,153.0,,50.247257895415956,4.726948403299274,5.0,4.014298388359172,Seam 4Floor ,,515.3810636030507,1.6687992973979897,,13.51683770826055,50.247257895415956,7687.830457998642,72.70633853387126,5.877959086805229,3.151298935532849,1.5756494677664246,0.5121043842419847,4.286428568274917,,6.244906556377305,3.916955976204776,8.94739389759721,5.030437921392435,1.553279836435105,Synthetic,A
,,101.0,,26.820818567443933,6.509305187530252,4.0,5.2901162936754105,Seam 4 Floor ,,463.2683430790339,1.0291469838150378,,8.768796546628224,26.820818567443933,2708.9026753118374,89.45335012995548,8.900941016818127,4.339536791686834,2.169768395843417,0.028730288065080045,4.493717261796221,,6.138306460882432,3.2891783981724183,7.904298915013678,4.61512051684126,1.8732327204983483,Synthetic,A
,,57.0,,43.44263790498016,5.803944305346931,4.0,4.476146730518605,Seam 5floor ,,497.2257968874089,1.4702121004583535,,2.0,43.44263790498016,2476.2303605838692,75.43893666372655,9.992131259368628,3.8692962035646206,1.9346481017823103,0.38540667640850823,4.3233235431002885,,6.209044242617661,3.7714413990347424,7.814492666869293,4.04305126783455,1.7585377390673773,Synthetic,A
,,125.0,,36.35738382034996,2.7934742039228184,5.0,5.473106413331613,Seam 4Floor ,,391.81533978089647,1.6489207527059162,,2.077587654992339,36.35738382034996,4544.672977543745,64.98081025888091,5.8120603588749375,1.8623161359485456,0.9311580679742728,0.5001209846336355,4.174091999521182,,5.970790656813688,3.593397314585009,8.42171105188731,4.8283137373023015,1.0272860555529042,Synthetic,A
,,42.0,,48.68589654051135,5.4811585151525035,4.0,3.795272377510898,Seam 5floor ,,520.8424699496906,1.01379483035874,,8.12782650690946,48.68589654051135,2044.8076547014766,74.64570150893016,11.518081803098301,3.6541056767683355,1.8270528383841678,0.013700547771794835,4.31275294039736,,6.255447635091988,3.885389389389259,7.6230590076726275,3.7376696182833684,1.701316486490973,Synthetic,A
,,49.0,,39.6888448377872,3.6414858656321334,3.0,5.0383080527292305,Seam-3,,399.7922642404225,2.250746692831366,,25.44043982535374,39.6888448377872,1944.7533970515728,63.46001305835009,9.065716151192872,2.4276572437547554,1.2138286218773777,0.811262024642431,4.150409991927957,,5.990945072805624,3.681070161755332,7.572890459865958,3.8918202981106265,1.292391803199711,Synthetic,A
,,49.0,,32.81471303622591,6.219204628068457,4.0,4.784354505505465,Seam 5floor ,,448.49592358564513,1.332360027026364,,2.0,32.81471303622591,1607.9209387750695,78.2932271839885,11.184746740569787,4.146136418712304,2.073068209356152,0.28695182615661813,4.360461100966784,,6.105899592462328,3.490876982991088,7.382697281101715,3.8918202981106265,1.8276420252737093,Synthetic,A
,,134.0,,34.64732165794068,3.5402452182042565,5.0,3.2282310940824437,Seam 4Floor ,,516.9449764858111,1.0852274106708617,,10.762205397621024,34.64732165794068,4642.741102164051,87.8232461015274,7.5867729339170795,2.3601634788028374,1.1800817394014187,0.08178956011879285,4.4753262275741985,,6.247936440383805,3.545220425619214,8.443060225570125,4.897839799950911,1.264195995425749,Synthetic,A
,,70.0,,46.004704543933165,5.19479659104632,3.0,5.6584717816162815,Seam Top -3,,382.6570732822185,2.373187796208831,,3.257372150297271,46.004704543933165,3220.3293180753217,56.41682254477735,6.743100035325949,3.463197727364213,1.7315988636821065,0.8642341130533931,4.0327673861002635,,5.9471392180771625,3.828743663953799,8.077238906003158,4.248495242049359,1.647657469029343,Synthetic,A
,,110.0,,20.0,4.242478221292955,5.0,4.2196513788407355,Seam 4Floor ,,409.1588172892175,1.2624462749716525,,8.75471325449696,20.0,2200.0,91.49069290521065,8.72329529492755,2.828318814195303,1.4141594070976515,0.23305132678401136,4.516237250225019,,6.014103387002014,2.995732273553991,7.696212639346407,4.700480365792417,1.445147584652362,Synthetic,A
,,107.0,,28.8807528929062,5.922320346077341,4.0,4.0558946222763765,Seam 4 Floor ,,386.42454827287213,1.5508387681268807,,13.058617816017723,28.8807528929062,3090.2405595409637,71.90522549565819,6.951340523970934,3.9482135640515605,1.9741067820257803,0.43879592529433176,4.275348939355374,,5.956936631047267,3.3631753833837847,8.036004217845692,4.672828834461906,1.778728322454343,Synthetic,A
,,160.0,,20.0,6.043455109163389,5.0,3.318480170724439,Seam 4Floor ,,507.38916253912305,0.8629306050073668,,2.320068525152819,20.0,3200.0,113.45566584841688,8.969457938299431,4.028970072775593,2.0144850363877964,-0.14742100247907428,4.731412151348738,,6.229278288125733,2.995732273553991,8.070906088787819,5.075173815233827,1.7989758863363479,Synthetic,A
,,138.0,,68.73580162010396,4.910536592110244,7.0,3.663755263434858,Seam 3 floor ,,477.9636952743996,2.4932739580846444,,2.0,68.73580162010396,9485.540623574347,57.650543925634935,4.907540201849084,3.2736910614068293,1.6368455307034147,0.9135966894323125,4.054399681633871,,6.169534778298222,4.230270193328702,9.157523878485907,4.927253685157205,1.591383221397365,Synthetic,A
,,96.0,,20.0,3.234730700589473,5.0,3.0,Seam 4Floor ,,443.99586534844025,0.980674449005111,,12.492862884709606,20.0,1920.0,99.28049366479557,10.132772953765294,2.156487133726315,1.0782435668631576,-0.019514730757152366,4.5979491133335815,,6.095815250110578,2.995732273553991,7.560080465021827,4.564348191467836,1.173945678920363,Synthetic,A
,,102.0,,37.894342125747485,6.494512476224545,4.0,4.255230278154248,Seam 4 Floor ,,410.75007464705976,1.9029294970998656,,2.0,37.894342125747485,3865.2228968262434,66.7252892554157,6.606788121065775,4.329674984149697,2.1648374920748483,0.6433945393354665,4.200584030319268,,6.017984938650921,3.6348018166633045,8.259774629947575,4.624972813284271,1.8709575859080165,Synthetic,A
,,77.0,,38.496355615050774,5.597036415461487,4.0,4.311278166671291,Seam 5floor ,,426.2482398385975,1.2799222401529613,,2.0,38.496355615050774,2964.2193823589096,68.69937560351529,7.829020446193791,3.731357610307658,1.865678805153829,0.2467993262056781,4.229740110446321,,6.055021899178286,3.650563577463929,7.994368999317612,4.343805421853684,1.722237246134526,Synthetic,A
,,36.0,,39.48180568776576,4.667306126870573,3.0,4.761849679515586,Seam-3,,163.19810141489936,5.45046398042959,,21.5626938613627,39.48180568776576,1421.3450047595672,25.97267006502898,4.3287783441714955,3.111537417913715,1.5557687089568575,1.6957007390752354,3.2570448338294162,,5.094964808975201,3.675839950291569,7.259358888747679,3.58351893845611,1.5405820587463328,Synthetic,A
,,66.0,,35.70297394712401,4.916760194560291,3.0,5.694156350716904,Seam Top -3,,465.5681644382727,1.6024758147260973,,9.239837771071567,35.70297394712401,2356.3962805101846,77.91679481264956,9.590894445819773,3.2778401297068602,1.6389200648534301,0.4715498174841956,4.35564152415366,,6.143258518732175,3.5752339891570295,7.764888731183456,4.189654742026425,1.5926498165592233,Synthetic,A
,,91.0,,57.97692177518256,4.4122182823894125,7.0,4.829973801362644,Seam 3 floor ,,470.07254444778704,1.604911461202436,,6.230149901234568,57.97692177518256,5275.8998815416135,61.735832575863164,6.47167371716804,2.9414788549262747,1.4707394274631373,0.473068590700517,4.122864517214719,,6.152887032682295,4.060045030935152,8.570904537452002,4.51085950651685,1.4843775748703727,Synthetic,A
,,76.0,,33.11745006474199,6.955345570040855,4.0,5.637822241312887,Seam Top -5,,460.2374112716661,1.4613380610859152,,10.77122392330614,33.11745006474199,2516.9262049203912,79.97485717204405,9.173745274658923,4.636897046693903,2.3184485233469516,0.3793524962045214,4.381712299926441,,6.131742467803573,3.500060335754262,7.830793676040594,4.330733340286331,1.9395105107033783,Synthetic,A
,,180.0,,38.742236369661676,6.07723621083102,5.0,4.115320455132182,Seam 4Floor ,,597.3417051771996,1.0655997357731062,,9.088502636736186,38.742236369661676,6973.602546539101,95.96889496122049,7.153099095294201,4.05149080722068,2.02574540361034,0.06353777284328327,4.564024128144369,,6.392489320132167,3.6569303839755967,8.849887234865808,5.19295685089021,1.8045500220425426,Synthetic,A
,,40.0,,35.12051505263196,3.8001304709411645,3.0,3.8376603637567657,Seam-3,,466.5549934900323,1.3559627331610462,,4.444338366396299,35.12051505263196,1404.8206021052783,78.72676460629903,12.4477944485917,2.533420313960776,1.266710156980388,0.3045117062209591,4.36598318155073,,6.145375898634291,3.558785434167122,7.247664888281059,3.6888794541139363,1.3350354006011274,Synthetic,A
,,97.0,,39.074681708130754,4.505157034827151,7.0,3.648151253983697,Seam 3 floor ,,492.710734710305,1.2469635650710849,,6.643873849780503,39.074681708130754,3790.244125688683,78.82142821238567,8.003103486580063,3.0034380232181004,1.5017190116090502,0.22071144820455169,4.36718489152639,,6.199922256830951,3.6654747306091244,8.240185709112508,4.574710978503383,1.5052227483500378,Synthetic,A
,,72.0,,54.03285487752427,5.963073739316568,7.0,3.9289807366128064,Seam 3 floor ,,475.927269255166,2.168752751995901,,2.0,54.03285487752427,3890.365551181748,64.74580457492745,7.630366244718363,3.9753824928777117,1.9876912464388559,0.7741522336440547,4.1704689042707965,,6.165265046874546,3.9895922852074985,8.266258404223555,4.276666119016055,1.7855860762084912,Synthetic,A
,,138.0,,30.974100114674016,6.08693506485388,5.0,3.5530661752475945,Seam 4Floor ,,546.8974312956897,1.3479108164573328,,2.089149643710515,30.974100114674016,4274.425815825014,98.26673685831581,8.365020150699278,4.057956709902586,2.028978354951293,0.29855585040333166,4.587685585944468,,6.304261273497099,3.4331513751052634,8.360405060262469,4.927253685157205,1.806144681614222,Synthetic,A
,,182.0,,43.362502344060886,4.632985888656337,5.0,3.9302472622567146,Seam 4Floor ,,521.2560004384131,1.4976003104748425,,7.573925537784444,43.362502344060886,7891.975426619081,79.15783348126182,5.867568997635856,3.0886572591042243,1.5443286295521121,0.40386403405610133,4.371443751502603,,6.2562412846792,3.7695950663531947,8.973601753429989,5.204006687076795,1.533201560597008,Synthetic,A
,,85.0,,41.11312153479459,5.135722311576681,3.0,5.80503373434669,Seam Top -3,,539.964227078573,1.3779664797077047,,2.0,41.11312153479459,3494.61533045754,84.21215138407413,9.13409027682059,3.423814874384454,1.711907437192227,0.3206088469746324,4.433339226561114,,6.291502891213156,3.7163273293040837,8.1589785857944,4.442651256490317,1.636220497865369,Synthetic,A
,,77.0,,44.38588872777334,5.997589917452928,4.0,3.177111735242341,Seam 5floor ,,552.3582731608064,1.193078479693938,,3.55775559251438,44.38588872777334,3417.713432038547,82.90837501750795,9.448286210327051,3.9983932783019522,1.9991966391509761,0.17653692443406693,4.417736082581432,,6.314196881319278,3.792921597475693,8.136727019329376,4.343805421853684,1.7913577081083516,Synthetic,A
,,86.0,,100.0,5.930312925310089,5.0,5.905846028059513,Seam Top -5,,439.07937204877396,2.6369383318982744,,28.319462966933767,100.0,8600.0,43.9079372048774,4.73471463444436,3.9535419502067257,1.9767709751033629,0.9696185213935945,3.7820951056718517,,6.084680198665898,4.605170185988092,9.0595174822416,4.454347296253507,1.7800769814841477,Synthetic,A
,,89.0,,69.05309435606361,4.756327919981706,7.0,4.442363210877069,Seam 3 floor ,,459.16150951329047,2.3486577481031694,,3.164013989988514,69.05309435606361,6145.725397689661,55.255295098193436,5.857049566321086,3.170885279987804,1.585442639993902,0.8538439939558339,4.011964174686939,,6.129402020745883,4.234875692117888,8.723512061850027,4.48863636973214,1.5594759251442205,Synthetic,A
,,140.0,,56.28827164569666,5.10261982906858,7.0,4.134108404138848,Seam 3 floor ,,477.8515739200767,1.6354642073358583,,2.0,56.28827164569666,7880.358030397532,63.69187937994751,5.382946284961811,3.4017465527123862,1.7008732763561931,0.4919266829117367,4.154057072190143,,6.169300169460195,4.030486194540104,8.972128617149407,4.941642422609304,1.629754099809956,Synthetic,A
,,149.0,,22.702879220612918,4.046868596160866,5.0,3.643191722129618,Seam 4Floor ,,445.4496926847705,0.8109550447536887,,6.113213326433923,22.702879220612918,3382.7290038713245,93.48850056205147,7.6588763861894815,2.6979123974405774,1.3489561987202887,-0.20954265827280796,4.537838440089758,,6.099084317268043,3.122491754356572,8.12643806030203,5.003946305945459,1.397943395922766,Synthetic,A
,,52.0,,42.00270937315085,5.893553532263145,4.0,3.5630248272542873,Seam 5floor ,,510.05707028104325,1.6257827320509102,,4.650094869202544,42.00270937315085,2184.1408874038443,78.70097620105842,10.913861735461047,3.9290356881754303,1.9645178440877151,0.4859893810726195,4.36565555942595,,6.234522621969602,3.7377341250873037,7.688977843668731,3.9512437185814275,1.7738591319151689,Synthetic,A
,,46.0,,28.45058411745136,6.900543027495704,4.0,4.18689114270563,Seam Top -5,,442.42554315285645,1.5209389000538873,,7.234319589863096,28.45058411745136,1308.7268694027625,82.94583798256106,12.22969660705597,4.600362018330469,2.3001810091652346,0.41932784156554137,4.418187840363313,,6.092272186228657,3.3481686917306908,7.176810088219786,3.828641396489095,1.9316001081436183,Synthetic,A
,,99.0,,44.998094531571546,2.8049362870286076,7.0,4.858382740157193,Seam 3 floor ,,453.2410069073326,1.538475809369272,,8.706471616098407,44.998094531571546,4454.811358625583,67.56661063575328,6.790699873782731,1.8699575246857383,0.9349787623428691,0.43079219213945846,4.2131139355209255,,6.116424008086398,3.806620145130944,8.401739995265533,4.59511985013459,1.0313808246448937,Synthetic,A
,,104.0,,22.81112205196825,5.4271551034128045,4.0,5.26880578003702,Seam 4 Floor ,,395.2766309838205,1.3950324060964605,,7.133884379810622,22.81112205196825,2372.356693404698,82.7613974435429,8.11542270263141,3.618103402275203,1.8090517011376015,0.3329176451801868,4.415961738229503,,5.979585851387988,3.1272482263169716,7.771639125458345,4.6443908991413725,1.6914150746273193,Synthetic,A
,,151.0,,50.7140237359592,5.516297777118616,5.0,3.2968576857083587,Seam 4Floor ,,468.19849538611635,2.150185385653636,,3.4720411810768077,50.7140237359592,7657.81758412984,65.74549187836327,5.350292250684503,3.677531851412411,1.8387659257062055,0.7655540643077456,4.185791104119584,,6.148892341438056,3.9262024746369413,8.943482311451865,5.017279836814924,1.7077069427231635,Synthetic,A
,,97.0,,33.42222663317181,5.9752394816544525,4.0,4.723686002546899,Seam Top -5,,429.3047079395066,1.613928295126477,,10.693333851397675,33.42222663317181,3241.9559834176657,74.25880588002478,7.539839377768501,3.983492987769635,1.9917464938848175,0.47867114204950456,4.307556368361428,,6.062166941719431,3.509221146716007,8.08393212521939,4.574710978503383,1.787624177625992,Synthetic,A
,,108.0,,20.0,3.90538772998947,5.0,4.216572384615954,Seam 4Floor ,,404.4119831453369,0.9595782303848567,,3.3319798016789512,20.0,2160.0,90.42926852284724,8.701560420714468,2.60359181999298,1.30179590999649,-0.04126143440892901,4.504567981842611,,6.0024341186196075,2.995732273553991,7.677863500678211,4.68213122712422,1.3623570690129714,Synthetic,A
,,59.0,,35.333322137003066,4.839429641330173,3.0,4.850245430913896,Seam-3,,432.79898456600336,1.5464983057802748,,2.0,35.333322137003066,2084.666006083181,72.8104971951749,9.479119337812152,3.2262864275534486,1.6131432137767243,0.43599321762365123,4.287860137049352,,6.07027338133267,3.564826488566635,7.642363932472355,4.07753744390572,1.5767968710841662,Synthetic,A
,,71.0,,91.42502740608852,5.27517136439818,5.0,4.040662621484091,Seam Top -5,,299.20845414577514,6.351873900779226,,21.873281827500115,91.42502740608852,6491.176945832285,31.29257564705973,3.7137454815574142,3.5167809095987868,1.7583904547993934,1.848749871855344,3.4433808696353423,,5.701140501535943,4.5155192638012025,8.778199140842519,4.2626798770413155,1.6630111649763022,Synthetic,A
,,118.0,,50.285083678803645,4.779880227756904,7.0,3.671113619722156,Seam 3 floor ,,428.3510255121012,2.168880757682448,,6.877108281284008,50.285083678803645,5933.63987409883,60.40602004013804,5.560824881720855,3.186586818504603,1.5932934092523015,0.7742112546223363,4.1010887695128,,6.059943012505707,3.9177084859858144,8.68839311045148,4.770684624465665,1.5644154892348114,Synthetic,A
,,88.0,,96.39752978068167,5.8116346222362445,5.0,5.97551714901001,Seam Top -5,,342.1969070654641,4.894487461989668,,11.990105326984327,96.39752978068167,8482.982620699986,34.85323762912275,3.7153676149206447,3.8744230814908294,1.9372115407454147,1.5881095640631233,3.5511460347313886,,5.8353863230346175,4.568480576606457,9.045817391084663,4.477336814478207,1.7598618776335055,Synthetic,A
,,87.0,,25.55204409087227,3.581703136696827,5.0,3.705010704792778,Seam 4Floor ,,400.751986590498,1.503827788864181,,9.9929468355638,25.55204409087227,2223.0278359058875,79.27985730675594,8.499692877872478,2.387802091131218,1.193901045565609,0.4080137168867978,4.372984090155783,,5.993342748658905,3.240717317006244,7.706625435660828,4.465908118654584,1.2758384237933678,Synthetic,A
,,48.0,,51.149819937178634,6.440854196380727,4.0,3.9182663316488964,Seam 5floor ,,440.470765954066,1.7526313400980362,,5.179012238853391,51.149819937178634,2455.1913569845747,61.58784881133926,8.889440272509175,4.293902797587151,2.1469513987935755,0.5611182815395486,4.120464591525068,,6.087844077575906,3.9347589721016765,7.805959983009568,3.871201010907891,1.8626611705100165,Synthetic,A
,,151.0,,28.75725316753828,6.0311020863383575,5.0,3.4274112879823098,Seam 4Floor ,,487.0139468939571,1.0617976314175992,,9.320129043832802,28.75725316753828,4342.345228298281,90.81711429774224,7.390591947440388,4.020734724225571,2.0103673621127855,0.05996335044126846,4.508847751301784,,6.188292761058468,3.3588900195133684,8.376169856328293,5.017279836814924,1.7969297612594919,Synthetic,A
,,199.0,,49.24583550516178,6.034617355795432,5.0,4.293881492641874,Seam 4Floor ,,578.0512034294302,1.4247864705299553,,7.814889729749231,49.24583550516178,9799.921265527193,82.37236867877003,5.839222396839741,4.0230782371969545,2.0115391185984772,0.3540219572505573,4.411250049110899,,6.3596624519969085,3.896824805772019,9.190129630496513,5.293304824724492,1.797512448362966,Synthetic,A
,,82.0,,45.01983830674868,5.824378736348664,3.0,5.057575899512292,Seam Top -3,,418.39659450507986,2.256419816458099,,2.0,45.01983830674868,3691.626741153392,62.35713819423332,6.886193932449286,3.8829191575657758,1.9414595787828879,0.8137794051789695,4.132878151446868,,6.0364297733893855,3.8071032438850345,8.213822491149287,4.406719247264253,1.7620523390596547,Synthetic,A
,,112.0,,28.201751763256304,6.121095579656301,4.0,4.128990129221511,Seam 4 Floor ,,421.1774204661521,1.6759351491057415,,11.524156630321528,28.201751763256304,3158.596197484706,79.30983340617757,7.494074846953877,4.0807303864375335,2.0403651932187667,0.5163713074602754,4.373362123553084,,6.0430541711926615,3.3393840952791543,8.05788296657425,4.718498871295094,1.8117410967864414,Synthetic,A
,,32.0,,38.72390484949358,6.6902375886323915,4.0,3.3476723020962877,Seam 5floor ,,502.6443304908792,1.1983812877048705,,8.005782646865583,38.72390484949358,1239.1649551837945,80.77393046404393,14.278948493554028,4.460158392421594,2.230079196210797,0.18097171926043945,4.391654270694938,,6.219882823549539,3.656457105709201,7.122193008508927,3.4657359027997265,1.9006493875054031,Synthetic,A
,,62.0,,48.77461593013117,6.435733955454712,4.0,4.702271687005438,Seam 5floor ,,506.39685467279173,1.7276705676922035,,2.0,48.77461593013117,3024.0261876681325,72.50935975370237,9.208697897422702,4.290489303636474,2.145244651818237,0.5467740085104029,4.2837156535790015,,6.227320659659002,3.88721001216,8.014344397205091,4.127134385045092,1.8618658913358275,Synthetic,A
,,95.0,,48.20852045336243,6.613510035349533,3.0,4.19722829667946,Seam Top -3,,399.76479787062823,2.655180137205482,,2.8245570147339327,48.20852045336243,4579.809443069431,57.57615346750212,5.907188705398976,4.409006690233022,2.204503345116511,0.9765125006806283,4.053108479678922,,5.990876368841625,3.875535778325405,8.429412669925945,4.553876891600541,1.8891145318865383,Synthetic,A
,,173.0,,25.64185252939928,6.327530734295304,5.0,4.251907847794778,Seam 4Floor ,,492.0297583542106,0.9031016221587698,,3.4538968504020566,25.64185252939928,4436.040487586076,97.16652495025494,7.38743409383804,4.218353822863536,2.109176911431768,-0.10192019351531544,4.576426258633432,,6.198539199122974,3.244225880979086,8.397517475476866,5.153291594497778,1.8449100706826043,Synthetic,A
,,109.0,,20.0,6.510378616120619,4.0,3.4230603776442132,Seam 4 Floor ,,469.78399567526856,1.1902967141323986,,2.9765303525205846,20.0,2180.0,105.04689490713676,10.06166771229195,4.340252410747079,2.1701262053735393,0.17420261565054201,4.654406868616523,,6.15227300539352,2.995732273553991,7.687080155783135,4.6913478822291435,1.8733976136876127,Synthetic,A
,,120.0,,27.349328188875724,4.381325371197094,5.0,4.353605841506191,Seam 4Floor ,,467.1322203929158,1.5229966517422477,,3.390644778529313,27.349328188875724,3281.9193826650867,89.32365641222162,8.154096922635793,2.9208835807980624,1.4604417903990312,0.42067987544852525,4.492266362231518,,6.146612344775653,3.3086919650882676,8.096183707870312,4.787491742782046,1.4773512747790893,Synthetic,A
,,101.0,,31.08984141235574,6.050894207960136,4.0,5.48514944363003,Seam Top -5,,355.02124500561956,2.7522178104535797,,4.303054283463898,31.08984141235574,3140.07398264793,63.67150117636073,6.3355511626978,4.0339294719734236,2.0169647359867118,1.0124070631795983,4.153737071202863,,5.872177632771022,3.436881123136319,8.05200163997758,4.61512051684126,1.800206064089585,Synthetic,A
,,75.0,,37.07937175308584,5.489717522616448,4.0,5.547391855819956,Seam Top -5,,544.4328123757001,1.249515215896678,,9.305087017256037,37.07937175308584,2780.952881481438,89.40835576451657,10.323987653689093,3.6598116817442983,1.8299058408721491,0.22275564880710158,4.493214142739372,,6.299744541510038,3.6130607975413325,7.930548911077643,4.31748811353631,1.702876801122356,Synthetic,A
,,106.0,,20.0,3.1206835351012345,5.0,3.9193957657150658,Seam 4Floor ,,461.11841708105896,1.0242884128722647,,2.79246663331476,20.0,2120.0,103.1092126270348,10.014852050342801,2.0804556900674895,1.0402278450337448,0.023998140156071875,4.635788743258186,,6.1336548800351816,2.995732273553991,7.659171367666058,4.663439094112067,1.1380520595897023,Synthetic,A
,,93.0,,20.515952684938632,4.1283944595980095,3.0,4.792001802781848,Seam 5 Floor ,,455.2894886938789,1.158093700821246,,18.227818927734088,20.515952684938632,1907.9835996992929,100.51752333961748,10.423181617712142,2.7522629730653394,1.3761314865326697,0.14677529195779732,4.6103320738881495,,6.120933455524445,3.02120276327259,7.553802256425846,4.532599493153256,1.4178885806871364,Synthetic,A
,,89.0,,36.65351570400862,5.239735225442625,4.0,6.0,Seam Top -5,,408.09106068162686,2.0179393409734234,,10.314583220558692,36.65351570400862,3262.162897656767,67.40610971233079,7.145033339454675,3.4931568169617497,1.7465784084808749,0.7020768624971907,4.210735662360832,,6.0114903374466016,3.60150935017154,8.09014571990368,4.48863636973214,1.6562709675606107,Synthetic,A
,,110.0,,32.20172991234518,6.254244135361507,4.0,4.839188431977019,Seam Top -5,,471.74702581475,1.5747022587358845,,9.222032890256807,32.20172991234518,3542.19029035797,83.13225655789802,7.926349658752231,4.1694960902410045,2.0847480451205023,0.45406621233443734,4.420432792102981,,6.15644287964956,3.472020175093156,8.172500540885572,4.700480365792417,1.833260294948108,Synthetic,A
,,111.0,,33.11440383079857,3.496386761560733,7.0,3.7744974849350363,Seam 3 floor ,,479.1591415275416,1.4982280405911836,,3.158477131185529,33.11440383079857,3675.6988252186416,83.2666912993587,7.903324582664134,2.330924507707155,1.1654622538535775,0.4042831035433799,4.422048604852292,,6.172032779241903,3.4999683487792224,8.209498550091556,4.709530201312334,1.2517300814113228,Synthetic,A
,,101.0,,53.744790544861836,5.155882256961478,3.0,5.074588630172467,Seam Top -3,,368.6373952520429,2.651407547663833,,7.8190712400761715,53.744790544861836,5428.223845031045,50.28416020765958,5.003460948509853,3.4372548379743186,1.7186274189871593,0.97509064904969,3.9176901211039006,,5.9098134922114625,3.9842467422151224,8.599367259056383,4.61512051684126,1.6401382486954554,Synthetic,A
,,134.0,,20.0,3.373060445031491,5.0,3.7611599270528964,Seam 4Floor ,,454.52278413349234,1.2039629172572546,,13.304109241734983,20.0,2680.0,101.63438426449517,8.77987355195004,2.2487069633543273,1.1243534816771636,0.1856185467920908,4.62138190569076,,6.119248042467756,2.995732273553991,7.893572073504902,4.897839799950911,1.21582047617732,Synthetic,A
,,91.0,,29.807105182378002,3.893606221985061,3.0,3.5678044645429097,Seam 5 Floor ,,401.6386515334118,1.6521583925555354,,5.4728046841899545,29.807105182378002,2712.4465715963984,73.56573870218983,7.711784838375238,2.595737481323374,1.297868740661687,0.502082549773568,4.298179410589196,,5.995552807604473,3.394746794030556,7.905606300547406,4.51085950651685,1.3593357775389798,Synthetic,B
,,120.0,,20.0,2.5,5.0,3.9295360428611903,Seam 4Floor ,,419.58255790292134,1.619111667225625,,3.9736387929412844,20.0,2400.0,93.82151216441737,8.564693098616123,1.6666666666666665,0.8333333333333333,0.48187764527906346,4.541394170489645,,6.03926030726664,2.995732273553991,7.783224016336037,4.787491742782046,0.9162907318741551,Synthetic,B
,,30.0,,23.978393815065182,2.5,3.0,5.158270163304316,Seam-3,,356.47735253824385,1.3880396609763428,,24.036507957238605,23.978393815065182,719.3518144519554,72.79841092498934,13.291110604715728,1.6666666666666665,0.8333333333333333,0.32789243586682704,4.287694127010964,,5.876270710594457,3.177153167166987,6.5783505488291425,3.4011973816621555,0.9162907318741551,Synthetic,B
,,63.0,,20.136063667004763,2.5,3.0,5.0948304385317105,Seam-3,,279.2654021074371,2.9609839816578973,,29.799697344946903,20.136063667004763,1268.5720110213,62.234305423960485,7.840785484220839,1.6666666666666665,0.8333333333333333,1.0855216393303861,4.130906381853351,,5.63216259169219,3.0025124196776765,7.1456471460692095,4.143134726391533,0.9162907318741551,Synthetic,B
,,67.0,,49.650794136506036,5.198009533260963,3.0,4.1972674551404765,Seam Top -3,,452.1548786975935,2.1364820837337697,,3.859062562241056,49.650794136506036,3326.6032071459044,64.16883011685293,7.839470320370068,3.465339688840642,1.732669844420321,0.7591605902646612,4.161517580598153,,6.114024773126273,3.9050143850562398,8.109707004447205,4.204692619390966,1.6482757702424269,Synthetic,B
,,75.0,,88.54817336336643,6.1203243505409315,5.0,4.780497024564386,Seam Top -5,,303.7997500542522,6.93965758084247,,5.1008335686641555,88.54817336336643,6641.113002252482,32.28476346473038,3.727923375417096,4.080216233693954,2.040108116846977,1.937252433365215,3.4745953995758407,,5.716368767430104,4.483546735708527,8.801034849244838,4.31748811353631,1.811615093574267,Synthetic,B
,,80.0,,49.176172496027384,5.0804160756065295,3.0,5.838731465156303,Seam Top -3,,405.58106383181615,2.286885049085507,,2.0,49.176172496027384,3934.093799682191,57.83627423309869,6.466292037526409,3.386944050404353,1.6934720252021764,0.8271906510251372,4.057616160718694,,6.005320764381924,3.8954092073264595,8.277435842000342,4.382026634673881,1.6253931628833427,Synthetic,B
,,135.0,,37.25058995663575,3.970185321983954,5.0,3.753776962834741,Seam 4Floor ,,400.45662003719815,2.528288372809404,,3.5628470637279,37.25058995663575,5028.829644145826,65.61284960523554,5.647054973739758,2.646790214655969,1.3233951073279846,0.9275425413016569,4.183771554897017,,5.992605446128111,3.617667782462186,8.522942560900615,4.90527477843843,1.3788127742100857,Synthetic,B
,,137.0,,57.369981479282764,4.9535670848936935,7.0,4.007903772055919,Seam 3 floor ,,492.6988773892436,2.089742615293673,,5.926943003346753,57.369981479282764,7859.687462661738,65.04878931427285,5.557493127585322,3.3023780565957956,1.6511890282978978,0.7370409078158747,4.175137593167681,,6.1998981910598925,4.049521195784423,8.969502121612548,4.919980925828125,1.6001079402672123,Synthetic,B
,,101.0,,20.661021428489633,3.026186775339908,5.0,3.956622124725528,Seam 4Floor ,,438.7232602142655,1.2463208580557479,,7.154773772653172,20.661021428489633,2086.763164277453,96.51943396947745,9.60404263776474,2.017457850226605,1.0087289251133025,0.22019589769325743,4.569744376353782,,6.083868827542239,3.0282489023769137,7.643369419218173,4.61512051684126,1.1073033369709,Synthetic,B
,,110.0,,26.158941317260442,3.8251819817907347,5.0,4.784119879459825,Seam 4Floor ,,467.5582629812002,1.625907368049273,,5.757876199101783,26.158941317260442,2877.4835448986487,91.4167241724124,8.716242652977845,2.550121321193823,1.2750606605969115,0.486066040283422,4.5154284395380335,,6.147523967661234,3.2641910562464016,7.964671422038818,4.700480365792417,1.3416060430855066,Synthetic,B
,,83.0,,38.081817078744656,3.7363075940752983,3.0,5.645184061097336,Seam Top -3,,450.5656620270866,1.936921177084922,,5.4681346932870705,38.081817078744656,3160.7908175358066,73.01284298679292,8.014200680188777,2.490871729383532,1.245435864691766,0.6610996903004894,4.2906353570002205,,6.110503820094587,3.6397369261887342,8.058577533985334,4.418840607796598,1.3180978494387334,Synthetic,B
,,143.0,,29.333692299186694,7.102967797010681,5.0,4.4037654999094045,Seam 4Floor ,,483.3338828397297,1.6661948221047973,,6.541798397344725,29.333692299186694,4194.717998783697,89.24088637959284,7.462697820088513,4.735311864673787,2.3676559323368935,0.5105424769465916,4.491339302051903,,6.180707683655649,3.378736763207493,8.3415813934674,4.962844630259907,1.960512696288752,Synthetic,B
,,132.0,,27.74252129922099,2.5041350094254744,5.0,3.513378843313733,Seam 4Floor ,,435.25139125731073,1.6957230842655817,,6.561989415677445,27.74252129922099,3662.012811497171,82.63560364562292,7.192506090557078,1.6694233396169829,0.8347116698084914,0.5281092482519657,4.414440624529174,,6.075923775098815,3.3229663011392816,8.205768223725652,4.882801922586371,0.9179433692865421,Synthetic,B
,,93.0,,36.34164893505462,4.43193510476765,3.0,5.17959152459604,Seam Top -3,,441.06213034402094,2.0965492497616944,,8.8426552525781,36.34164893505462,3379.77335096008,73.1640025878384,7.586753647672024,2.954623403178433,1.4773117015892165,0.7402927787726011,4.292703532084057,,6.089185750657301,3.5929644371464886,8.125563930299744,4.532599493153256,1.4888363069117097,Synthetic,B
,,78.0,,72.3267870472904,5.521832389013526,5.0,5.283970871537566,Seam Top -5,,299.7841049455386,6.17604227846173,,6.862183342923146,72.3267870472904,5641.489389688651,35.24999141946928,3.991275573805913,3.681221592675684,1.840610796337842,1.820677658304894,3.5624652858389365,,5.703062565402169,4.281194559126465,8.637903385816056,4.356708826689592,1.7087097597357246,Synthetic,B
,,124.0,,20.0,2.5,5.0,3.650697582201973,Seam 4Floor ,,511.53555022938446,1.047423206865856,,13.200013059911452,20.0,2480.0,114.38282632206618,10.271881034125418,1.6666666666666665,0.8333333333333333,0.046333059258864814,4.73955094811427,,6.237417084891265,2.995732273553991,7.8160138391590275,4.820281565605037,0.9162907318741551,Synthetic,B
,,66.0,,32.54495081050102,3.0260604619268494,3.0,4.564741447076155,Seam-3,,330.21696372866796,2.4203715899265363,,28.79034833902493,32.54495081050102,2147.9667534930672,57.883871416439355,7.125012036305502,2.017373641284566,1.008686820642283,0.8839210779374884,4.058438786472536,,5.799749904268992,3.4826222355929124,7.6722769776193385,4.189654742026425,1.107261595975159,Synthetic,B
,,63.0,,55.171187982655375,5.171123094561185,3.0,5.852507073603515,Seam Top -3,,562.3789158540285,1.8086524347784987,,8.52981652413322,55.171187982655375,3475.7848429072887,75.7134197463138,9.538994264713972,3.447415396374123,1.7237076981870616,0.5925820568195546,4.32695542011261,,6.332175850202715,4.010440860180208,8.15357558657174,4.143134726391533,1.6430898979192263,Synthetic,B
,,91.0,,29.072500401029078,4.34846906321476,3.0,3.8495983438915355,Seam 5 Floor ,,447.2743068066266,2.0724480374965237,,16.584347477580813,29.072500401029078,2645.597536493646,82.95312640575649,8.69585045698311,2.8989793754765065,1.4494896877382533,0.7287305353349612,4.4182757061703954,,6.103172068159978,3.369792723979165,7.880652230496015,4.51085950651685,1.469823843664496,Synthetic,B
,,34.0,,39.0953927282342,3.767801894375139,3.0,5.8074884094555745,Seam-3,,106.76926206420535,16.20012263765391,,24.924930576714306,39.0953927282342,1329.2433527599628,17.07589403200938,2.928491666533019,2.511867929583426,1.255933964791713,2.785018812435234,2.837667763208235,,4.670670076713721,3.666004627010974,7.192365151627135,3.5263605246161616,1.3264917795291844,Synthetic,B
,,58.0,,33.65353412830345,4.586708987881369,3.0,5.498546877747267,Seam-3,,318.02607215822746,2.686916736046724,,26.84151598627569,33.65353412830345,1951.9049794416,54.82105464416556,7.198357130933307,3.0578059919209126,1.5289029959604563,0.988394341451969,4.004074328999793,,5.762133367338306,3.516118076677025,7.5765610872234435,4.060443010546419,1.5231627708035387,Synthetic,B
,,76.0,,59.81124115096307,4.439384637201318,7.0,4.203938391187661,Seam 3 floor ,,464.5028326010594,2.9098091225571157,,2.0,59.81124115096307,4545.654327473193,60.0616085875337,6.88953900577774,2.9595897581342117,1.4797948790671058,1.068087485409061,4.0953708452057445,,6.140967656407655,4.0911936224038215,8.421926962690153,4.330733340286331,1.4905157716139992,Synthetic,B
,,100.0,,34.25677108371167,8.0,4.0,4.726265718179742,Seam 4 Floor ,,504.736878178907,1.7712038102551777,,9.565182189408727,34.25677108371167,3425.677108371167,86.2366395081606,8.62366395081606,5.333333333333333,2.6666666666666665,0.5716594341980029,4.457095139659355,,6.224037260181243,3.5338842410437734,8.139054427031864,4.605170185988092,2.0794415416798357,Synthetic,B
,,105.0,,44.40940084191936,5.355912608090966,4.0,4.299790219834616,Seam Top -5,,527.5258293882794,2.0121322418956056,,6.67279730927795,44.40940084191936,4662.987088401533,79.16008867760931,7.725233631509128,3.570608405393977,1.7853042026969885,0.6991949766658684,4.371472240966296,,6.268197829816427,3.7934511777002626,8.447411527857787,4.653960350157523,1.6782011110585728,Synthetic,B
,,66.0,,29.128131764661177,5.766305782541581,3.0,5.103387389917208,Seam Top -3,,441.46974492049844,1.496659551191668,,2.0,29.128131764661177,1922.4566964676376,81.79836638098988,10.068682877509769,3.8442038550277204,1.9221019275138602,0.4032356588598308,4.404257272516737,,6.090109489769478,3.3717044345054843,7.56135917653191,4.189654742026425,1.7520316298151937,Synthetic,B
,,111.0,,26.653792377959956,4.12341910991533,5.0,4.708510206490813,Seam 4Floor ,,470.61560856681734,1.3581379030994865,,4.585052493206822,26.653792377959956,2958.570953953555,91.15632787027893,8.65217574615116,2.748946073276887,1.3744730366384434,0.30611457265493003,4.512575921318204,,6.15404164311854,3.28293144360067,7.9924616449130035,4.709530201312334,1.416682700247964,Synthetic,B
,,90.0,,39.07150880097558,4.26753991752211,3.0,4.340669751592804,Seam 5 Floor ,,442.3271416717344,1.9379391951539764,,7.85355897821112,39.07150880097558,3516.435792087802,70.76418313224113,7.459199848638339,2.8450266116814067,1.4225133058407033,0.6616251379268195,4.259352984732491,,6.092049747838324,3.6653935262116675,8.165203196541933,4.499809670330265,1.4510375294850337,Synthetic,B
,,59.0,,38.052308500714645,4.128840720847379,3.0,5.077168343532205,Seam-3,,261.23541554723136,4.202096693840013,,22.422210843682212,38.052308500714645,2245.086201542164,42.34884295611036,5.513349745753941,2.7525604805649193,1.3762802402824597,1.4355836135431086,3.7459410997357088,,5.56542197606418,3.6389617526569427,7.716499196562662,4.07753744390572,1.4179966704387428,Synthetic,B
,,65.0,,48.09277060657463,4.675671993908977,3.0,5.8559685979085145,Seam Top -3,,424.7088486952364,2.890049992711181,,4.603624401393704,48.09277060657463,3126.030089427351,61.24228847078862,7.596170996110009,3.1171146626059842,1.5585573313029921,1.0612738004907027,4.114837938980712,,6.051403872268732,3.8731318665760406,8.047519136471678,4.174387269895637,1.5423728944233726,Synthetic,B
,,47.0,,45.46680803428382,5.711286864460314,4.0,3.907479638669598,Seam 5floor ,,509.3029385451111,2.0777075824048645,,8.133541958730383,45.46680803428382,2136.9399776113396,75.53164599213505,11.017422900464762,3.807524576306876,1.903762288153438,0.7312651620843172,4.324551720648938,,6.233043003646369,3.81698256599486,7.667130167704919,3.8501476017100584,1.7424443685841322,Synthetic,B
,,77.0,,39.04172634618779,3.2228560864492937,4.0,3.6902221624891576,Seam 5floor ,,506.25443479314197,1.9060343739881314,,5.7365352828772815,39.04172634618779,3006.2129286564596,81.0222564743055,9.233343053872487,2.148570724299529,1.0742853621497646,0.6450248396906536,4.394723888217444,,6.227039378467598,3.664630980500308,8.008436402353992,4.343805421853684,1.170267949788368,Synthetic,B
,,86.0,,20.0,4.82722244299411,3.0,4.0769159580391285,Seam 5 Floor ,,453.35229356637456,1.5985666413944326,,9.762885451539287,20.0,1720.0,101.3726546169854,10.931294474343883,3.2181482953294065,1.6090741476647032,0.46910737860461105,4.618803376453865,,6.11666951323086,2.995732273553991,7.450079569807499,4.454347296253507,1.5742712386897166,Synthetic,B
,,78.0,,27.835444570812196,3.439592070654075,3.0,4.383233684055798,Seam 5 Floor ,,412.8897725181299,2.0956448803171437,,8.02863940873413,27.835444570812196,2171.1646765233513,78.25913518083473,8.861102147727653,2.2930613804360496,1.1465306902180248,0.7398613247747573,4.360025566131312,,6.023180662709097,3.3263101931555705,7.683019019845163,4.356708826689592,1.2353528802414675,Synthetic,B
,,71.0,,66.42487898910714,5.559423043443591,4.0,3.1411029520958698,Seam 5floor ,,489.3781264792631,2.6731232882122833,,2.0267270198227076,66.42487898910714,4716.166408226607,60.045320604669854,7.126068515399163,3.7062820289623937,1.8531410144811968,0.9832475596293321,4.095099620505001,,6.193135455443461,4.196071669876918,8.458751546918235,4.2626798770413155,1.7154943337132769,Synthetic,B
,,83.0,,29.114790591274623,3.679024289003978,3.0,4.142434321745209,Seam 5 Floor ,,449.33701952458415,1.4025882930042153,,10.054204938993031,29.114790591274623,2416.5276190757936,83.27513873486686,9.14063397877146,2.4526828593359853,1.2263414296679926,0.3383193104468943,4.422150050062948,,6.1077732064602195,3.3712463127945456,7.790086920591143,4.418840607796598,1.3026475781677038,Synthetic,B
,,105.0,,20.0,4.207014768545391,3.0,4.405172507768155,Seam 5 Floor ,,408.13970421964984,1.3480887112534135,,4.369771237599505,20.0,2100.0,91.26281229517947,8.906338517635396,2.804676512363594,1.402338256181797,0.29868781985993603,4.513743391320515,,6.011609528097511,2.995732273553991,7.649692623711514,4.653960350157523,1.4367533150717706,Synthetic,B
,,70.0,,48.86119488583266,5.355104184173949,3.0,4.865179187351569,Seam Top -3,,439.3713172026799,2.4580479398299198,,2.800837147230084,48.86119488583266,3420.2836420082863,62.85642266667828,7.512779465162874,3.5700694561159656,1.7850347280579828,0.8993675145459693,4.140853120215782,,6.085344880629783,3.888983520828003,8.137478762877361,4.248495242049359,1.678050159205125,Synthetic,B
,,78.0,,49.84368006946116,5.008913250439006,3.0,5.553482383151321,Seam Top -3,,431.91928945509807,3.0180053029751712,,2.0,49.84368006946116,3887.80704541797,61.178320472365534,6.927080725839764,3.3392755002926706,1.6696377501463353,1.1045961174598098,4.113792886112619,,6.068238740824167,3.9088917094230977,8.26560053611269,4.356708826689592,1.611218975487039,Synthetic,B
,,114.0,,35.29859512121712,6.5677130324046455,4.0,4.820593331205535,Seam 4 Floor ,,480.4361897262763,1.7951201497765419,,7.974626362631928,35.29859512121712,4024.0398438187517,80.86433204508236,7.573638605645504,4.37847535493643,2.189237677468215,0.5850719555087993,4.392772837413745,,6.174694419854483,3.563843164881475,8.30004161327597,4.736198448394496,1.8821656794180017,Synthetic,B
,,57.0,,48.76782802965424,7.012503628468505,4.0,5.070691559255539,Seam 5floor ,,472.0188530668236,2.0741217542376487,,2.510888270587733,48.76782802965424,2779.766197690292,67.59158620263217,8.952724299073749,4.675002418979004,2.337501209489502,0.72953781311688,4.213483510844471,,6.1570189277260425,3.887070833763144,7.930122101597695,4.04305126783455,1.9476947882773445,Synthetic,B
,,131.0,,31.764812115735612,3.2049632506577317,5.0,3.6246985512093923,Seam 4Floor ,,423.47242155785443,1.7639867788649777,,10.075747172712106,31.764812115735612,4161.190387161365,75.13667750266127,6.564721993810731,2.1366421671051543,1.0683210835525772,0.5675764625820097,4.319308821742881,,6.0484883916832715,3.458359139880781,8.333556463081932,4.875197323201151,1.1647006240534576,Synthetic,B
,,59.0,,59.72173707873593,5.617146206387109,4.0,4.415354925248045,Seam 5floor ,,470.5678433982868,2.65226164033227,,2.0,59.72173707873593,3523.58248764542,60.891409961894276,7.927386351025905,3.744764137591406,1.872382068795703,0.9754127251994443,4.10909211323832,,6.153940142888224,4.08969605929981,8.16723350320553,4.07753744390572,1.7258237424775378,Synthetic,B
,,150.0,,20.0,4.2661821229296075,5.0,3.4913380461012977,Seam 4Floor ,,428.14688339572393,1.6261673683038538,,11.243995625504715,20.0,3000.0,95.73655356275147,7.816856865379068,2.8441214152864047,1.4220607076432024,0.4862259383646243,4.561600185434154,,6.059466322211149,2.995732273553991,8.006367567650246,5.0106352940962555,1.4507193108701026,Synthetic,B
,,114.0,,25.44919435661026,5.329637830991944,3.0,3.192316774361637,Seam 5 Floor ,,437.6608385546386,2.0498792453345684,,7.76222283785061,25.44919435661026,2901.2081566535694,86.75622949042625,8.125465360705856,3.5530918873279624,1.7765459436639812,0.7177808867005213,4.463102225936686,,6.081444269219988,3.2366840865666022,7.972882534961098,4.736198448394496,1.6732832867118708,Synthetic,B
,,100.0,,20.0,4.092472694482438,5.0,3.0,Seam 4Floor ,,429.64952550621393,1.3698679356579038,,6.873220714294692,20.0,2000.0,96.07255455324241,9.60725545532424,2.728315129654958,1.364157564827479,0.3147143378635151,4.565103682608798,,6.062969819385793,2.995732273553991,7.600902459542082,4.605170185988092,1.4091493581535244,Synthetic,B
,,68.0,,42.87384330804814,5.23825695460852,4.0,4.269162011198463,Seam 5floor ,,500.85181162383026,1.9349876389029685,,2.717552909922569,42.87384330804814,2915.421344947273,76.49147591739101,9.275953960788021,3.4921713030723467,1.7460856515361733,0.6601009382975003,4.337179308707705,,6.2163102721498245,3.7582619268842405,7.9777696320603475,4.219507705176107,1.6559888007449628,Synthetic,B
,,48.0,,56.46737935860135,6.338124052401283,4.0,4.092123956972051,Seam 5floor ,,490.232422341698,1.962288867928784,,9.05888473895309,56.46737935860135,2710.4342092128645,65.23838694367906,9.41635006585752,4.225416034934188,2.112708017467094,0.6741115816659348,4.178048052488211,,6.194879609954725,4.033663114933028,7.904864125840919,3.871201010907891,1.846582833876377,Synthetic,B
,,93.0,,37.22454694196988,4.587576483237831,3.0,3.760474471319123,Seam 5 Floor ,,430.60224179361245,2.858193114455402,,5.503119858092115,37.22454694196988,3461.8828656031983,70.57673709360566,7.318466713775806,3.0583843221585543,1.5291921610792771,1.0501896470133945,4.256700587277748,,6.06518479112575,3.6169684076960045,8.149567900849261,4.532599493153256,1.5233518853371508,Synthetic,B
,,105.0,,53.90953562167375,4.84202315307973,7.0,3.1132478330251936,Seam 3 floor ,,468.19892708684534,1.9507066087056248,,5.126095947295507,53.90953562167375,5660.501240275744,63.7672398021478,6.223045397464263,3.228015435386487,1.6140077176932435,0.6681916703766625,4.155239575748387,,6.1488932634840126,3.9873073754712505,8.641267725628774,4.653960350157523,1.5773326402226768,Synthetic,B
,,54.0,,75.44553657068221,5.5417023283698015,5.0,4.654806686930662,Seam Top -5,,475.94933931717753,3.6917845504705173,,32.23419636229422,75.44553657068221,4074.058974816839,54.79538119026015,7.456706898746475,3.694468218913201,1.8472341094566005,1.3061099591606247,4.0036059055525355,,6.165311418561415,4.3234110260177605,8.312395072582035,3.9889840465642745,1.712301733047653,Synthetic,B
,,76.0,,39.45450538210865,4.666711767080067,4.0,4.002046503837728,Seam 5floor ,,547.2936812487001,1.5291756730715964,,4.691228642588422,39.45450538210865,2998.5424090402576,87.1308864393351,9.994598127636321,3.111141178053378,1.555570589026689,0.4247288144423275,4.467411429947155,,6.3049855527674925,3.6751482456406777,8.005881585927009,4.330733340286331,1.5404547052747495,Synthetic,B
,,93.0,,20.0,5.052189440304218,3.0,4.396584683396549,Seam 5 Floor ,,422.4395487047986,1.3113675444394488,,20.98580248736061,20.0,1860.0,94.46035472882629,9.795082492089357,3.3681262935361453,1.6840631467680727,0.27107051975315005,4.548180219794673,,6.046046356571668,2.995732273553991,7.528331766707247,4.532599493153256,1.6198217018660124,Synthetic,B
,,41.0,,44.36996631457235,2.953305293394318,3.0,4.9917321248761874,Seam-3,,439.78992231590985,1.9695113837508686,,7.197175800806477,44.36996631457235,1819.1686188974663,66.02383152190956,10.311190143076146,1.968870195596212,0.984435097798106,0.67778548343287,4.190015760516704,,6.086297163615082,3.792562806196758,7.5061348729010655,3.713572066704308,1.0829249815677986,Synthetic,B
,,38.0,,47.68517194308586,2.5,3.0,5.126030171352639,Seam-3,,311.3089796616283,5.661050944753098,,26.70798954401195,47.68517194308586,1812.0365338372628,45.081667500686144,7.313212168905817,1.6666666666666665,0.8333333333333333,1.7336095542638266,3.808475678298608,,5.740785922716173,3.8646204888351297,7.502206648561516,3.6375861597263857,0.9162907318741551,Synthetic,B
,,82.0,,49.23653381792305,4.181443590945364,3.0,4.811933809512932,Seam Top -3,,499.32341151942717,2.232788642645618,,4.23863124768819,49.23653381792305,4037.39577306969,71.16036929899722,7.858348177737922,2.787629060630243,1.3938145303151215,0.8032513166297697,4.264936052483399,,6.213254005090334,3.8966359052138717,8.303355152478124,4.406719247264253,1.4306565436002654,Synthetic,B
,,110.0,,42.10571163408364,3.1760522632754027,7.0,4.874612101263577,Seam 3 floor ,,551.7169036532349,1.6864319266908991,,12.019391170683155,42.10571163408364,4631.6282797492,85.02483235217122,8.106799680467358,2.117368175516935,1.0586840877584676,0.5226150110470024,4.442943359143844,,6.313035059020968,3.7401833997542484,8.440663765546665,4.700480365792417,1.1556389989407436,Synthetic,B
,,98.0,,36.856179948926325,5.400774823235923,4.0,3.990875177835886,Seam 4 Floor ,,408.95821112358936,2.6587825525578923,,8.837294092699102,36.856179948926325,3611.90563499478,67.36336488730953,6.804727445051477,3.600516548823949,1.8002582744119744,0.9778683310146284,4.210101322476646,,6.013612977530798,3.607023310108302,8.191990788778874,4.584967478670572,1.6865424290615583,Synthetic,B
,,30.0,,32.97396071979832,5.973898855801304,3.0,4.650380891357436,Seam-3,,417.78512691798625,1.8727756328360377,,2.0,32.97396071979832,989.2188215939497,72.7557659150194,13.28332472674054,3.982599237200869,1.9912996186004346,0.6274216260227969,4.287108159474807,,6.034967249920095,3.495718180890577,6.896915562552732,3.4011973816621555,1.7873997889176327,Synthetic,B
,,100.0,,20.0,6.656444335205098,4.0,4.2538209630032435,Seam 4 Floor ,,473.85769358242686,1.2353751079804467,,8.1716007748931,20.0,2000.0,105.95780145115722,10.595780145115723,4.437629556803398,2.218814778401699,0.21137465512122658,4.663040915332032,,6.160907052109028,2.995732273553991,7.600902459542082,4.605170185988092,1.8955854583828642,Synthetic,B
,,48.0,,82.28476596310647,5.798615454405996,5.0,5.271352198988362,Seam Top -5,,440.8389815538477,3.7109528611841727,,25.1460899506965,82.28476596310647,3949.6687662291106,48.59820976761396,7.014547372866455,3.865743636270664,1.932871818135332,1.3112886795413494,3.8835866941706576,,6.088679687580784,4.410185986820253,8.281386997728143,3.871201010907891,1.757619174297884,Synthetic,B
,,117.0,,21.558746915265306,4.406898777487239,5.0,3.4805701051065596,Seam 4Floor ,,412.16771678213684,1.4526436961078697,,10.075643434565261,21.558746915265306,2522.373389086041,88.7691814763736,8.206713730616235,2.9379325183248257,1.4689662591624129,0.37338513504540705,4.4860395343142025,,6.021430346083412,3.070781623538419,7.832955558336176,4.762173934797756,1.4831712170204474,Synthetic,B
,,49.0,,90.39662816387765,5.150162275866901,5.0,5.067859295273999,Seam Top -5,,352.3150463519676,6.4078857574343635,,18.254709743530334,90.39662816387765,4429.434780030005,37.055704575475914,5.293672082210844,3.4334415172446002,1.7167207586223001,1.8575293814913991,3.612422309538459,,5.864525793353635,4.5042069676303536,8.39602726574098,3.8918202981106265,1.6390282240562872,Synthetic,B
,,83.0,,48.70924630678565,3.0413732914022735,7.0,4.082455071713278,Seam 3 floor ,,494.0314070301924,2.096343804115033,,5.264249635196023,48.70924630678565,4042.867443463209,70.78624164987372,7.769799432149787,2.027582194268182,1.013791097134091,0.7401947816883988,4.2596646548365555,,6.202599092151186,3.8858688746292627,8.30470948242586,4.418840607796598,1.1123091540069203,Synthetic,B
,,109.0,,21.698652654631783,5.190877327397272,3.0,3.65282101463331,Seam 5 Floor ,,437.8535390450402,1.0975582260734573,,8.964233905662475,21.698652654631783,2365.1531393548644,93.99667264312313,9.003248378091126,3.4605848849315146,1.7302924424657573,0.0930879179298019,4.543259384229917,,6.081884468715151,3.0772501689704668,7.768598051199611,4.6913478822291435,1.6469027247795485,Synthetic,B
,,40.0,,44.70653127348513,5.463714583458118,3.0,5.164989730478428,Seam-3,,241.78894294759596,5.294598363846246,,16.69014732078894,44.70653127348513,1788.2612509394053,36.16187571473862,5.717694586125169,3.6424763889720784,1.8212381944860392,1.6666871242116381,3.5880054068207445,,5.48806520904413,3.8001196044467713,7.488999058560708,3.6888794541139363,1.6981288850802339,Synthetic,B
,,64.0,,88.79515264450525,5.631789278733342,5.0,4.496093050631284,Seam Top -5,,293.3840392742595,7.13339990726371,,11.02528138782684,88.79515264450525,5682.889769248336,31.134497052928836,3.8918121316161045,3.7545261858222276,1.8772630929111138,1.964787966110124,3.438316434441857,,5.681482465027622,4.486332061171529,8.6452151445312,4.1588830833596715,1.7284272031581518,Synthetic,B
,,107.0,,29.289969149834793,5.091631285041496,4.0,4.441462928769127,Seam Top -5,,532.2387966930876,1.17493123485344,,10.116720177876307,29.289969149834793,3134.026699032323,98.34381948428471,9.50725587675779,3.3944208566943304,1.6972104283471652,0.16120962235456648,4.58846970080943,,6.277092254595903,3.3772451075729486,8.050073942034855,4.672828834461906,1.627598267437385,Synthetic,B
,,94.0,,33.882418895862116,7.1677855000303525,4.0,4.549802878260721,Seam 4 Floor ,,426.3532352177525,1.8009983500500513,,10.901844550570944,33.882418895862116,3184.9473762110388,73.24573798682587,7.554721035751699,4.778523666686901,2.3892618333434505,0.5883411500635001,4.293820061724201,,6.055268193332723,3.5228962632170444,8.066191045487047,4.543294782270004,1.9695967505639338,Synthetic,B
,,192.0,,25.532750493867752,4.623917959241745,5.0,3.1701222072609685,Seam 4Floor ,,450.3980040592199,1.435720051849365,,11.514326634539755,25.532750493867752,4902.288094822608,89.13487434857265,6.432755462416487,3.08261197282783,1.541305986413915,0.3616665016551945,4.490150664727312,,6.110131645330803,3.239961961206981,8.497457333234763,5.2574953720277815,1.531242388834163,Synthetic,B
,,56.0,,31.96887853140388,5.5212592517251515,4.0,3.0,Seam 5floor ,,460.06550431230215,2.1366371161090463,,9.431315349778261,31.96887853140388,1790.2571977586174,81.3684363665663,10.873314677900295,3.6808395011501007,1.8404197505750504,0.7592331519546558,4.3989874381858,,6.131368880024044,3.4647628836764905,7.490114574411639,4.02535169073515,1.708605959584909,Synthetic,B
,,50.0,,45.179899572789914,5.182861222014318,3.0,5.2664166503984005,Seam-3,,489.70754155651167,1.9238161945476386,,4.773569454411993,45.179899572789914,2258.994978639496,72.85580507972762,10.303366764136141,3.4552408146762117,1.7276204073381058,0.6543108147005513,4.288482214843683,,6.193808358950136,3.810652288212905,7.722675293641051,3.912023005428146,1.6453572632392794,Synthetic,B
,,105.0,,48.131102796402715,5.9417318467451565,3.0,4.5244849712955855,Seam 5 Floor ,,491.8326869824806,2.6634325456382,,15.817944924504786,48.131102796402715,5053.765793622285,70.89318400509356,6.91846634421246,3.9611545644967707,1.9805772822483854,0.9796157215945637,4.261174293586652,,6.198138591547598,3.873928595921891,8.527888946079415,4.653960350157523,1.7820006475712649,Synthetic,B
,,114.0,,29.303231850788812,4.806480169658577,3.0,3.7665984406537354,Seam 5 Floor ,,396.4047641395706,1.8677592037332083,,4.09042344969534,29.303231850788812,3340.5684309899248,73.22866296559302,6.858492673467227,3.2043201131057177,1.6021600565528589,0.6247394255731614,4.293586914891728,,5.982435820899178,3.3776978120148984,8.113896260409394,4.736198448394496,1.5699650427810248,Synthetic,B
,,149.0,,34.63223993666284,6.384243722410639,5.0,3.6659646739511147,Seam 4Floor ,,497.3886089440367,1.7829354525094276,,10.610924847379525,34.63223993666284,5160.203750562763,84.5192323940443,6.9240853074968,4.256162481607093,2.1280812408035463,0.5782611366045242,4.436979110762037,,6.209371629908912,3.544785038293748,8.548731344239206,5.003946305945459,1.8538330364881175,Synthetic,B
,,114.0,,20.0,3.044493039881498,5.0,4.50276761298728,Seam 4Floor ,,363.5716536359033,1.661808254006293,,6.102476835996317,20.0,2280.0,81.29709322218883,7.614170403473636,2.0296620265876655,1.0148310132938327,0.5079063191435536,4.398110262189971,,5.895976398966966,2.995732273553991,7.731930721948486,4.736198448394496,1.1133343979352854,Synthetic,B
,,123.0,,50.04394040194715,4.454784180219678,7.0,3.42723089100054,Seam 3 floor ,,453.4914491254828,2.79690226889096,,2.755557044469459,50.04394040194715,6155.404669439499,64.10521387457095,5.780172477456199,2.969856120146452,1.484928060073226,1.028512472204624,4.160525700315625,,6.116976414086321,3.912901427541391,8.725085782913808,4.812184355372417,1.493978615354171,Synthetic,B
,,57.0,,31.194357890150425,5.084247456703269,3.0,4.318313687639421,Seam-3,,238.8130452904167,3.612535373952543,,12.311444196414808,31.194357890150425,1778.0783997385743,42.75825977117378,5.663469859871226,3.3894983044688463,1.6947491522344231,1.284409845488198,3.755562387741533,,5.475681008545697,3.4402372416083282,7.483288509442879,4.04305126783455,1.6261470257664596,Synthetic,B
,,120.0,,49.18297247972001,2.7292283676659537,7.0,4.353818211854244,Seam 3 floor ,,480.5436440247942,2.5437584043559034,,2.0,49.18297247972001,5901.956697566401,68.52127745585798,6.255108221940603,1.819485578443969,0.9097427892219845,0.9336426741270069,4.227144316829387,,6.174918054722129,3.8955474757854858,8.683039218567533,4.787491742782046,1.0040189200374423,Synthetic,B
,,99.0,,28.27406710077794,4.1343478827944855,5.0,4.004519093256154,Seam 4Floor ,,490.28239826756374,1.5277240888039687,,8.048507896074623,28.27406710077794,2799.132642977016,92.20450903042823,9.266901831298986,2.75623192186299,1.378115960931495,0.4237791042851049,4.5240090342520825,,6.194981548089384,3.341945027674604,7.937064877809194,4.59511985013459,1.4193296093384,Synthetic,B
,,103.0,,34.21483617575323,5.776314711877481,3.0,5.532438369645119,Seam Top -3,,449.26204224141037,1.7393648685595253,,9.105372934543631,34.21483617575323,3524.1281261025824,76.80553073666768,7.5678738159786185,3.850876474584987,1.9254382372924934,0.5535200285218881,4.341276652361046,,6.107606330516235,3.5326593563103805,8.167388344540015,4.634728988229636,1.7537658862345826,Synthetic,B
,,69.0,,40.10550928613946,5.64269203905693,3.0,3.92986706061101,Seam Top -3,,529.7541173034526,1.6737432336453333,,7.022946933674685,40.10550928613946,2767.2801407436227,83.65122841511638,10.070424494426323,3.76179469270462,1.88089734635231,0.515062575383458,4.426656112502728,,6.2724129692814,3.691513713557345,7.925620218154604,4.23410650459726,1.7303612635224095,Synthetic,B
,,73.0,,75.56974862577458,6.026662340532642,5.0,4.299663004440719,Seam Top -5,,295.8790719441114,7.541453591647862,,10.200429465501186,75.56974862577458,5516.591649681544,34.03613668225731,3.9836284834156963,4.017774893688427,2.0088874468442137,2.020414947477588,3.5274228037936,,5.689950830119207,4.325056052651213,8.615515493799606,4.290459441148391,1.79619334846369,Synthetic,B
,,43.0,,32.160101727093696,4.235058493480282,3.0,5.007166029922078,Seam-3,,369.00529392671496,2.4980871281635904,,15.422118369857545,32.160101727093696,1382.884374265029,65.06896366339872,9.922923931692507,2.8233723289868546,1.4116861644934273,0.9155252902638931,4.175447686891648,,5.910810990622479,3.4707266074616614,7.231926723155224,3.7612001156935624,1.4433971399284173,Synthetic,B
,,107.0,,24.252527432664003,2.5,5.0,4.2088368492418935,Seam 4Floor ,,421.5180174516178,1.4778945738881333,,7.551570145378999,24.252527432664003,2595.020435295048,85.5928802097145,8.274576050124546,1.6666666666666665,0.8333333333333333,0.39061848973028535,4.449602104568297,,6.04386252255826,3.188520835979927,7.861349670441833,4.672828834461906,0.9162907318741551,Synthetic,B
,,30.0,,36.831859400488625,5.12564288432116,3.0,5.42349854384473,Seam-3,,455.4217836863452,1.6160005188170812,,4.290725015948991,36.831859400488625,1104.9557820146588,75.0415814368634,13.700655634610339,3.4170952562141066,1.7085476281070533,0.4799542811490261,4.318042379060969,,6.121223986667319,3.6063632152126983,7.007560596874853,3.4011973816621555,1.6342559580005804,Synthetic,B
,,78.0,,51.91661232290567,4.865553647792679,7.0,4.087408884404389,Seam 3 floor ,,494.8973858792885,2.449183101696084,,6.943545127995126,51.91661232290567,4049.4957611866425,68.68501331961195,7.777046317171227,3.243702431861786,1.621851215930893,0.8957545410780516,4.229531028700306,,6.204350439824853,3.9496388222490943,8.306347648938686,4.356708826689592,1.5821805113814207,Synthetic,B
,,47.0,,42.231382005894844,3.7964259752664646,3.0,5.082327577679284,Seam-3,,278.3973469945889,4.525537236787609,,30.51336189310178,42.231382005894844,1984.8749542770577,42.839801064850384,6.2488272180958955,2.530950650177643,1.2654753250888215,1.5097362964663754,3.7574676018911375,,5.629049398941399,3.743163594100524,7.593311195810582,3.8501476017100584,1.3340600913292002,Synthetic,B
,,97.0,,20.0,4.152858274715078,5.0,3.8052992284849005,Seam 4Floor ,,447.78696577312087,1.485495038655023,,9.67487502426739,20.0,1940.0,100.128209490707,10.1664793528085,2.7685721831433856,1.3842860915716928,0.3957480760664276,4.6064514597133,,6.104317596490295,2.995732273553991,7.570443252057373,4.574710978503383,1.4237968380646446,Synthetic,B
,,103.0,,20.0,3.440631217160487,5.0,4.795452452452259,Seam 4Floor ,,355.1447744770086,1.4166541700660416,,7.518886998252655,20.0,2060.0,79.41278575844235,7.824774286838167,2.293754144773658,1.146877072386829,0.3482978730994563,4.374659384992503,,5.872525521769498,2.995732273553991,7.630461261783627,4.634728988229636,1.235654947913066,Synthetic,B
,,117.0,,29.23166349114016,4.369971339225198,5.0,3.448488272264751,Seam 4Floor ,,363.91733021933317,1.8938289492519673,,5.629138953023955,29.23166349114016,3420.104628463399,67.309439248323,6.22275985980915,2.9133142261501317,1.4566571130750658,0.6386006787805405,4.209300483105777,,5.8969267270602215,3.3752524879088877,8.137426422706643,4.762173934797756,1.4747564505562885,Synthetic,B
,,60.0,,20.0,6.739329459084722,4.0,5.179510076277969,Seam Top -5,,420.97058710572674,1.7250185134908391,,2.91968114360674,20.0,1200.0,94.13188492964014,12.152374089320306,4.492886306056481,2.2464431530282405,0.5452377828841881,4.5446968301078146,,6.04256296688481,2.995732273553991,7.090076835776092,4.0943445622221,1.9079604331923952,Synthetic,B
,,92.0,,44.466401696839945,4.6618931514227535,3.0,4.50609558270599,Seam Top -3,,399.63219038058145,2.8879446806957936,,6.088839590621609,44.466401696839945,4090.908956109275,59.93002652447103,6.248137182587513,3.107928767615169,1.5539643838075845,1.0605450659633946,4.09317765706087,,5.990544600037859,3.794733885953979,8.31652246300302,4.5217885770490405,1.5394216213081817,Synthetic,B
,,84.0,,20.0,4.041278413292678,5.0,4.267389272902505,Seam 4Floor ,,451.1012496325978,1.4360234367173206,,10.982953928587431,20.0,1680.0,100.86930589135906,11.005743560590666,2.694185608861785,1.3470928044308925,0.3618777913266378,4.613825677823272,,6.111691814600267,2.995732273553991,7.426549072397305,4.430816798843313,1.39656108085065,Synthetic,B
,,44.0,,47.582517127337454,4.571232683672567,3.0,4.481491215306117,Seam-3,,505.03464692735827,1.7529731177871344,,2.3149517485996487,47.582517127337454,2093.630753602848,73.21456169434325,11.03751046956653,3.047488455781711,1.5237442278908555,0.561313270845551,4.293394331433858,,6.224627034698901,3.8624654065300854,7.646655040448347,3.784189633918261,1.5197829023796805,Synthetic,B
,,160.0,,37.00361926182222,6.432019385293538,5.0,4.3719078492502295,Seam 4Floor ,,530.5018400421535,1.3674619019643155,,8.102896251718407,37.00361926182222,5920.579081891556,87.20970003656453,6.894532154390339,4.288012923529025,2.1440064617645125,0.3129563953020118,4.468315563679768,,6.273823426553496,3.6110157257474538,8.686189540981282,5.075173815233827,1.8612885457548252,Synthetic,B
,,168.0,,33.24675184229551,4.960706684559146,5.0,4.056052473412259,Seam 4Floor ,,422.55538745285514,2.397607603236162,,6.587304965027025,33.24675184229551,5585.454309505645,73.2839774322562,5.653981608171738,3.3071377897060974,1.6535688948530487,0.874471408201542,4.294341996079823,,6.046320532768058,3.5039570733764682,8.627921052779728,5.123963979403259,1.6015482073136258,Synthetic,B
,,59.0,,54.82176701711343,5.022230553061663,4.0,4.872319586629341,Seam 5floor ,,505.0338787847743,2.6682465881231563,,2.0,54.82176701711343,3234.4842540096924,68.20936362730265,8.88010276933355,3.3481537020411083,1.6740768510205541,0.9814215481165283,4.222581852013118,,6.224625513727671,4.004087323429106,8.081624767334825,4.07753744390572,1.613874168296054,Synthetic,B
,,110.0,,34.49278394743239,5.846565637555126,3.0,4.859490176364207,Seam Top -3,,551.1473044278557,1.2089346421266218,,2.131999396782591,34.49278394743239,3794.206234217563,93.84336315731062,8.947613601948381,3.8977104250367507,1.9488552125183753,0.18973951072277379,4.541627042975287,,6.3120021135833495,3.5407501412161246,8.24123050700854,4.700480365792417,1.7658544183470053,Synthetic,B
,,83.0,,36.01272292729753,5.750048097763812,3.0,5.212483058123772,Seam Top -3,,367.3300461271177,2.1175234183649314,,3.8704798082051672,36.01272292729753,2989.056002965695,61.21085890296937,6.718764630817782,3.8333653985092075,1.9166826992546038,0.7502472069232626,4.114324606833953,,5.906260752167461,3.5838722906670175,8.002712898463615,4.418840607796598,1.7492082196027632,Synthetic,B
,,120.0,,39.90836133075913,4.506889232460665,7.0,3.610171859769645,Seam 3 floor ,,488.944423489155,1.8837618795799818,,4.181887658279246,39.90836133075913,4789.003359691095,77.39760988403005,7.06540280507801,3.0045928216404434,1.5022964108202217,0.6332707772850571,4.348955900067592,,6.192248829619425,3.6865858591036655,8.474077601885712,4.787491742782046,1.5056071666283002,Synthetic,B
,,109.0,,20.0,3.5703750568422645,5.0,3.856053496779353,Seam 4Floor ,,446.6984312655725,1.169838497941966,,13.209846551649012,20.0,2180.0,99.88480577523374,9.567229246572834,2.380250037894843,1.1901250189474215,0.15686570333478903,4.604017579744986,,6.101883716521981,2.995732273553991,7.687080155783135,4.6913478822291435,1.2726706482123586,Synthetic,B
,,82.0,,43.4889248749391,3.086980455180681,3.0,5.052874739722176,Seam Top -3,,431.5164043224694,2.106838323208654,,8.232795183946719,43.4889248749391,3566.0918397450064,65.43467876153251,7.226051433853384,2.057986970120454,1.028993485060227,0.7451883987068882,4.181052374219509,,6.0673055267706575,3.7725063051022967,8.17922555236655,4.406719247264253,1.1271934141688102,Synthetic,B
,,83.0,,48.95161497594977,5.940099249434808,4.0,3.2363900387643127,Seam 5floor ,,513.3693066296064,1.6521977417395277,,5.546079410196683,48.95161497594977,4062.9840430038307,73.37470823152903,8.053920550993224,3.960066166289872,1.980033083144936,0.5021063663250503,4.295579301738706,,6.24099548213411,3.890832360790808,8.309672968587405,4.418840607796598,1.781725841894024,Synthetic,B
,,76.0,,50.69137348294034,5.36334653375187,3.0,4.291188032907614,Seam Top -3,,430.9079117411974,2.502290784221051,,4.319237012007183,50.69137348294034,3852.544384703466,60.52258078359617,6.942416143104537,3.57556435583458,1.78778217791729,0.9172066260034667,4.10301653149403,,6.065894405421432,3.9257557478548026,8.256489088141134,4.330733340286331,1.6795881335671876,Synthetic,B
,,163.0,,20.402207624794087,5.572213401952327,5.0,4.299929649917822,Seam 4Floor ,,526.0152715488507,0.8821109616666806,,9.367601541101502,20.402207624794087,3325.5598428414364,116.45543757341642,9.12149384372986,3.7148089346348847,1.8574044673174424,-0.12543742401004476,4.757508689730677,,6.265330245679084,3.015643111896815,8.109393312703578,5.093750200806762,1.7177923541705908,Synthetic,B
,,175.0,,33.62509610829367,5.43000464575341,5.0,3.9269565892341602,Seam 4Floor ,,481.3475045693947,1.4334872827811673,,11.039554275182013,33.62509610829367,5884.3918189513915,83.00933936189256,6.274916241352365,3.62000309716894,1.81000154858447,0.3601101348552442,4.418953123898865,,6.176589471977432,3.5152726961571354,8.68005867008065,5.1647859739235145,1.6919399895170084,Synthetic,B
,,49.0,,36.134683750473584,7.155536310522954,4.0,3.703536733475989,Seam 5floor ,,486.0054446548554,1.889560244071752,,5.624299315488067,36.134683750473584,1770.5995037732057,80.84981035883206,11.54997290840458,4.770357540348636,2.385178770174318,0.6363441269041905,4.392593240427687,,6.1862198268312705,3.5872531728071646,7.4790734709177915,3.8918202981106265,1.967886366247282,Synthetic,B
,,48.0,,41.35770326809519,4.951768806886711,3.0,4.631506909791622,Seam Top -3,,391.80485783470704,2.65641455555959,,2.0,41.35770326809519,1985.1697568685693,60.924448965645375,8.793686752636244,3.3011792045911403,1.6505896022955702,0.9769773021000638,4.109634555000042,,5.9707639041949525,3.72225869838982,7.5934597092977105,3.871201010907891,1.5997448474763394,Synthetic,B
,,108.0,,68.67330864101632,4.363836135713904,7.0,3.6507556021381533,Seam 3 floor ,,378.92035169867796,4.316094496404195,,13.935840896218657,68.67330864101632,7416.7173332297625,45.725024384144184,4.399892522814641,2.909224090475936,1.454612045237968,1.462350941596476,3.822645727554954,,5.937326029167671,4.229360603225432,8.911491830349652,4.68213122712422,1.4733515181627008,Synthetic,B
,,60.0,,37.33489409600012,5.619305169295492,3.0,5.056275357504115,Seam-3,,185.63313706111,5.226229895480823,,21.320451728075298,37.33489409600012,2240.0936457600073,30.38071860182925,3.9221339063566187,3.7462034461969944,1.8731017230984972,1.6536901568466675,3.4138081506676454,,5.223772344615642,3.6199283878959925,7.714272950118094,4.0943445622221,1.726208020905445,Synthetic,B
,,100.0,,32.19571976918597,2.6988503387959377,5.0,4.222517932058095,Seam 4Floor ,,424.0239042704524,2.0167634509637664,,4.687371788699506,32.19571976918597,3219.571976918597,74.7293614386817,7.4729361438681705,1.7992335591972917,0.8996167795986458,0.7014939744364889,4.313873072993095,,6.049789831639128,3.4718335172920667,8.077003703280159,4.605170185988092,0.992825881885583,Synthetic,B
,,114.0,,65.68553017728837,4.154565938171355,7.0,3.0,Seam 3 floor ,,480.1174725706032,3.7130985198087125,,2.0,65.68553017728837,7488.150440210874,59.2396735222219,5.5483037703644795,2.7697106254475696,1.3848553127237848,1.3118667085915725,4.081591478280798,,6.174030808481419,4.184878660401242,8.921077108795737,4.736198448394496,1.4242079555028704,Synthetic,B
,,110.0,,34.01886594539806,7.05571559558184,4.0,5.206417028384946,Seam 4 Floor ,,447.4621574422342,1.8252871046181396,,7.866394476307787,34.01886594539806,3742.0752539937866,76.71784523031144,7.314759535463536,4.70381039705456,2.35190519852728,0.6017372922603196,4.340134344027363,,6.103591969764246,3.526915251473766,8.22739561726618,4.700480365792417,1.9538380111435458,Synthetic,B
,,36.0,,86.41668416250413,7.455378546639777,5.0,5.670850381470997,Seam Top -5,,292.4986351978051,7.651254811982918,,8.578331311854422,86.41668416250413,3111.0006298501485,31.464805019595822,5.244134169932637,4.970252364426518,2.485126182213259,2.0348696620975555,3.4488696202203304,,5.678460000670616,4.45918076090057,8.042699699356682,3.58351893845611,2.0089357244781727,Synthetic,B
,,76.0,,22.793343307440495,4.531949117771752,3.0,3.0,Seam 5 Floor ,,412.2973843422774,1.859180503489835,,8.04582931509428,22.793343307440495,1732.2940913654775,86.35879299063429,9.906032935061145,3.021299411847835,1.5106497059239175,0.6201358011154342,4.458510629062531,,6.0217448956284025,3.12646853313174,7.457201873418071,4.330733340286331,1.5111521157796424,Synthetic,B
,,84.0,,32.75884584383319,4.30964516212234,3.0,4.542963348161399,Seam 5 Floor ,,441.12556384818777,2.195364394399472,,2.0,32.75884584383319,2751.743050881988,77.07223094318374,8.409269816101364,2.873096774748227,1.4365483873741134,0.7863480438647468,4.344743046343617,,6.089329560199633,3.4891730277120323,7.919989826555345,4.430816798843313,1.4608555717525054,Synthetic,B
,,57.0,,40.458353726250515,6.215219254510027,4.0,4.5276094256655215,Seam 5floor ,,516.8673787305778,1.8384880280698022,,8.213717002142795,40.458353726250515,2306.126162396279,81.25966352057492,10.763105365721946,4.143479503006684,2.071739751503342,0.6089435099456583,4.39764974977541,,6.24778632077073,3.700273141990639,7.743324409825189,4.04305126783455,1.8270010026203827,Synthetic,B
,,149.0,,22.803829707046607,6.1949096376220165,5.0,4.000222747093773,Seam 4Floor ,,502.59111068797483,1.359616668063868,,6.0776937955911565,22.803829707046607,3397.7706263499445,105.24728669060033,8.622193680495855,4.129939758414677,2.0649698792073385,0.3072027982997367,4.656312692568434,,6.219776938299629,3.126928491462387,8.130874797407845,5.003946305945459,1.8237279286344523,Synthetic,B
,,92.0,,51.92739997831575,5.109406452904922,7.0,3.351415689057562,Seam 3 floor ,,490.02347415343104,2.5548994920595245,,4.927984401908404,51.92739997831575,4777.320798005048,68.00151620088486,7.089648152810092,3.4062709686032813,1.7031354843016406,0.9380128851361353,4.219530001999368,,6.194453296392769,3.9498465887868046,8.471635165835846,4.5217885770490405,1.6310832434388634,Synthetic,B
,,125.0,,27.127090384474663,5.202886648666346,4.0,5.007614045832536,Seam 4 Floor ,,437.8390013545841,1.8812685605788821,,8.794713806043195,27.127090384474663,3390.886298059333,84.06453932323528,7.51896097695833,3.4685910991108972,1.7342955495554486,0.6319463155548216,4.431584829109158,,6.081851265987511,3.300532873756705,8.128846611059005,4.8283137373023015,1.6492135963061687,Synthetic,B
,,43.0,,49.15293360210629,4.776101531067183,3.0,4.879384466851325,Seam-3,,462.67917671093625,1.9679100687807314,,7.033800052395698,49.15293360210629,2113.5761448905705,65.99411855611619,10.064008730168135,3.1840676873781217,1.5920338436890609,0.6769721008281746,4.189565625269527,,6.137033891033676,3.8949365315282973,7.65613664722186,3.7612001156935624,1.5636246344629965,Synthetic,B
,,150.0,,32.10589544930549,5.1062869384987915,5.0,4.274439421909478,Seam 4Floor ,,535.5465101420384,1.0533578876605758,,6.370827670000592,32.10589544930549,4815.884317395824,94.51588387652154,7.717189602854184,3.4041912923325275,1.7020956461662637,0.051983049729179186,4.548767903724708,,6.2832877397895155,3.469039672129616,8.479674966225872,5.0106352940962555,1.6304725135777425,Synthetic,B
,,69.0,,92.2409711117556,5.190324091361938,5.0,6.0,Seam Top -5,,258.9297826938004,6.305727367420182,,16.6475364597162,92.2409711117556,6364.627006711136,26.96001152827769,3.245603987033882,3.4602160609079586,1.7301080304539793,1.8414583263506739,3.294354713650754,,5.556556915652425,4.5244044040033415,8.7585109086006,4.23410650459726,1.6467961405772886,Synthetic,B
,,128.0,,20.0,3.8012592121112996,5.0,4.12591837531181,Seam 4Floor ,,446.37522344747805,1.2847160215565374,,9.036371919816172,20.0,2560.0,99.81253431002189,8.822264982253927,2.5341728080741994,1.2670864040370997,0.2505376990265762,4.6032937697199126,,6.101159906496908,2.995732273553991,7.847762537473608,4.852030263919617,1.3353323834491315,Synthetic,B
,,161.0,,41.985355445547725,6.647886273309621,5.0,3.541557654140719,Seam 4Floor ,,524.540931309921,1.971330272145111,,5.226676292353848,41.985355445547725,6759.642226733184,80.95253738384433,6.379953712366754,4.431924182206414,2.215962091103207,0.6787085799093185,4.393863024707683,,6.262523463513931,3.7373208776124973,8.81872524259696,5.081404364984462,1.8942989505039374,Synthetic,B
,,77.0,,42.00305763047896,4.480486645005004,3.0,4.832134502540139,Seam Top -3,,523.5805793527536,1.4863854854337701,,5.250592615294313,42.00305763047896,3234.2354375468803,80.78729673582743,9.206566906630721,2.9869910966700024,1.4934955483350012,0.39634732411706497,4.39181973455091,,6.260690942730517,3.7377424163592137,8.081547838212897,4.343805421853684,1.4997316666446927,Synthetic,B
,,80.0,,23.61926712917806,5.1176758311802315,3.0,3.605277319879506,Seam 5 Floor ,,394.1691459745373,2.060948270628625,,8.260636035955468,23.61926712917806,1889.5413703342447,81.10533405660625,9.067852014420017,3.4117838874534874,1.7058919437267437,0.723166202432064,4.3957487303100224,,5.976780121677022,3.1620627827340018,7.544089417407883,4.382026634673881,1.6327003967672062,Synthetic,B
,,150.0,,34.892225426678735,6.889262925705575,5.0,4.216744858724261,Seam 4Floor ,,503.5718470774107,1.5399148573973171,,3.5633317193609955,34.892225426678735,5233.83381400181,85.25053387797946,6.960676943363351,4.592841950470383,2.2964209752351916,0.4317271274927934,4.44559437864231,,6.221726397266419,3.55226403724822,8.562899331344475,5.0106352940962555,1.929964101901854,Synthetic,B
,,71.0,,46.124183180520006,6.547764798746712,3.0,4.596966220625098,Seam Top -3,,483.67458982593973,1.984115216935517,,8.363025978166009,46.124183180520006,3274.8170058169203,71.21786136586252,8.45200516047983,4.365176532497808,2.182588266248904,0.6851730802286825,4.265743648837442,,6.181412345527678,3.831337393380474,8.094017270421789,4.2626798770413155,1.879123739307674,Synthetic,B
,,50.0,,37.04218709930851,3.0557974790728393,3.0,4.763574288825178,Seam-3,,234.59199791915532,4.406923617595129,,27.865961792422453,37.04218709930851,1852.1093549654254,38.54471896032208,5.451046431154686,2.0371983193818926,1.0185991596909463,1.4831768536459151,3.651819098674944,,5.457847826171118,3.6120574549923488,7.524080460420494,3.912023005428146,1.1170405991714267,Synthetic,B
,,45.0,,53.36717372396696,5.488188378044693,4.0,3.3577848127962002,Seam 5floor ,,478.14930225964474,1.693110101671135,,7.349328803765906,53.36717372396696,2401.5228175785132,65.45252791441054,9.757086781054966,3.6587922520297953,1.8293961260148976,0.5265671345102086,4.181325115206836,,6.169923031544555,3.9771958326754357,7.783858322445756,3.8066624897703196,1.7025982152799413,Synthetic,B
,,110.0,,38.41554902367449,3.198022454715284,7.0,3.933956497240428,Seam 3 floor ,,415.74491977563275,2.4283032831250075,,11.952489677094412,38.41554902367449,4225.710392604194,67.07696882786891,6.395538037736577,2.1320149698101893,1.0660074849050947,0.8871927760740781,4.2058407485140625,,6.030071898577171,3.648462300126216,8.348942665918633,4.700480365792417,1.1625326358740675,Synthetic,B
,,66.0,,28.25805927988047,4.118565441664085,3.0,5.088377396651024,Seam-3,,211.1693613725443,6.2137195441925615,,24.26965907036589,28.25805927988047,1865.0319124721111,39.72461900141302,4.88976258146986,2.7457102944427234,1.3728551472213617,1.8267596770576724,3.68197112147466,,5.352660472049757,3.3413787011501945,7.531033443176621,4.189654742026425,1.4155049089570557,Synthetic,B
,,50.0,,40.118298654364295,5.999824561122885,3.0,3.657605976441254,Seam-3,,492.00442384435655,1.8882674193949225,,5.702737008542749,40.118298654364295,2005.9149327182147,77.67794975169541,10.985321003618344,3.99988304074859,1.999941520374295,0.6356596993217472,4.35257143011899,,6.198487708005454,3.6918325557729292,7.603855561201075,3.912023005428146,1.7917302289877108,Synthetic,B
,,94.0,,20.0,4.78792372563548,4.0,4.62978678074011,Seam 4 Floor ,,365.4419511431678,1.2506686222914265,,9.176113707988108,20.0,1880.0,81.71530445862801,8.428290116313484,3.1919491504236532,1.5959745752118266,0.22367830614049877,4.403241309397813,,5.901107446174808,2.995732273553991,7.539027055823994,4.543294782270004,1.5660968572504335,Synthetic,B
,,71.0,,34.92376999464165,5.47419878852096,3.0,3.9771498844516104,Seam 5 Floor ,,437.1325184989399,2.297627478390943,,8.654201026777805,34.92376999464165,2479.5876696195573,73.96947825420996,8.778562005826545,3.649465859013973,1.8247329295069865,0.8318770594063385,4.303652552096597,,6.080236395118814,3.553167686044434,7.815847563085749,4.2626798770413155,1.700045924997651,Synthetic,B
,,84.0,,25.6420380207059,5.3052471765982805,4.0,3.6175040256219364,Seam 5floor ,,545.9654285474996,0.8919550619643116,,5.925350324994544,25.6420380207059,2153.931193739296,107.81740465265862,11.763843287011717,3.5368314510655203,1.7684157255327602,-0.11433952663496649,4.680439098621386,,6.302555656061684,3.244233114880595,7.675049913723909,4.430816798843313,1.6686963641187444,Synthetic,B
,,52.0,,100.0,5.451835041712475,5.0,6.0,Seam Top -5,,466.0987689000713,3.145004617946606,,26.75114739847028,100.0,5200.0,46.60987689000713,6.4636269642301825,3.634556694474983,1.8172783472374916,1.1458153584968285,3.8418124691026185,,6.144397562096665,4.605170185988092,8.556413904569519,3.9512437185814275,1.69595225690415,Synthetic,B
,,93.0,,40.84225174754131,4.878755635992016,3.0,5.479238263802378,Seam Top -3,,518.5780333588657,1.7258706593623698,,5.216918068659799,40.84225174754131,3798.329412521342,81.14453528822206,8.414296338523467,3.252503757328011,1.6262518786640054,0.5457316532150899,4.396231950820916,,6.251090514627174,3.7097171276125174,8.242316620765774,4.532599493153256,1.5848901947243221,Synthetic,B
,,90.0,,52.551650079906224,4.437076360346791,3.0,4.451798756924299,Seam Top -3,,449.37218702245985,2.6672991469738774,,2.0,52.551650079906224,4729.64850719156,61.98876879643703,6.5341899582105185,2.9580509068978604,1.4790254534489302,0.9810664050041734,4.126953220191167,,6.107851468700414,3.961796497018495,8.46160616734876,4.499809670330265,1.489995682153302,Synthetic,B
,,96.0,,22.304817395332073,6.74558380396766,4.0,4.91911843978557,Seam 4 Floor ,,374.0267475231842,1.5568043569730572,,8.515394638553529,22.304817395332073,2141.262469951879,79.196014167248,8.082909348832716,4.497055869311773,2.2485279346558866,0.4426352311180005,4.371925971382865,,5.92432731229895,3.104802681832172,7.669150873300008,4.564348191467836,1.9088880395046344,Synthetic,B
,,41.0,,38.3175882298471,6.45067516158622,3.0,5.622249038010529,Seam-3,,183.3248986262672,7.030964525638046,,19.440306504819457,38.3175882298471,1571.0211174237309,29.61572511835877,4.625199202792973,4.300450107724147,2.1502250538620733,1.9503238977823143,3.3883054742631753,,5.2112599810069415,3.6459090134875334,7.359481080191841,3.713572066704308,1.8641848015444262,Synthetic,B
,,52.0,,54.93535717076218,4.474054273957489,3.0,5.066010461308778,Seam Top -3,,461.315863728369,2.898721956878929,,4.6822692389553335,54.93535717076218,2856.6385728796336,62.24040545551387,8.63119127982784,2.9827028493049927,1.4913514246524964,1.0642699353291414,4.131004394236994,,6.13408297915169,4.0061571698293905,7.9574008884108185,3.9512437185814275,1.4982949939638461,Synthetic,B
,,165.0,,44.32644815366709,5.654209728668299,5.0,4.180721018473663,Seam 4Floor ,,490.64848104858544,2.3332093565010186,,3.3933602017599664,44.32644815366709,7313.8639453550695,73.69516442999719,5.737160769856263,3.7694731524455323,1.8847365762227661,0.8472447260474647,4.299937185509479,,6.1957279468535305,3.791581522688102,8.897526996588683,5.105945473900581,1.7324003524405838,Synthetic,B
,,113.0,,48.3643601625182,3.8693433541728814,7.0,4.169173333460796,Seam 3 floor ,,481.4425356587851,2.6898487112107086,,2.0,48.3643601625182,5465.172698364557,69.22799193689727,6.512421669133067,2.579562236115254,1.289781118057627,0.9894849508465429,4.237405288591048,,6.176786879689868,3.878763182197642,8.606151000909984,4.727387818712341,1.3530848167207823,Synthetic,B
,,144.0,,33.91796539685046,6.43284541079411,5.0,3.0,Seam 4Floor ,,513.9012150463229,2.0830766999274144,,3.5369160623671747,33.91796539685046,4884.187017146467,88.23984734962906,7.353320612469088,4.288563607196073,2.1442818035980364,0.733845983457583,4.480058644998477,,6.242031058358734,3.523944826720513,8.493758126296514,4.969813299576001,1.8614169614847689,Synthetic,B
,,98.0,,33.028532481466286,5.877212576835315,4.0,4.4065652015748,Seam 4 Floor ,,496.5403507181995,1.8563536370908105,,9.405685171796813,33.028532481466286,3236.796183183696,86.3992371283243,8.727640923254665,3.91814171789021,1.959070858945105,0.6186141534397493,4.458978846237746,,6.2076647505116735,3.497371808547854,8.082339287218426,4.584967478670572,1.7710825979539524,Synthetic,B
,,121.0,,43.66595523428241,4.609805928842077,5.0,3.880543579007986,Seam 4Floor ,,450.6062210919555,2.209596650553576,,4.580195581071075,43.66595523428241,5283.580583348171,68.1907866841275,6.1991624258297735,3.0732039525613843,1.5366019762806922,0.7928099878107605,4.222309463115487,,6.110593834143308,3.7765687420556424,8.572359287652384,4.795790545596741,1.5281857582573577,Synthetic,B
,,89.0,,44.53826139519233,5.917299133249542,3.0,5.715077818279939,Seam Top -3,,505.67722139846205,2.246440445602866,,3.0914408455565736,44.53826139519233,3963.9052641721173,75.7716528823446,8.031779141986307,3.944866088833028,1.972433044416514,0.8093469393181789,4.327724250174725,,6.225898563366599,3.796348626383746,8.284984996115885,4.48863636973214,1.7778801173008565,Synthetic,B
,,90.0,,48.65650912433313,3.5516301171239197,3.0,4.166863931780936,Seam 5 Floor ,,446.1313269299815,2.690819381861915,,6.480427582425283,48.65650912433313,4379.085821189981,63.957612954663674,6.741724354807623,2.367753411415946,1.183876705707973,0.989845750154341,4.158220566360363,,6.100613363676658,3.884785594632589,8.384595264962854,4.499809670330265,1.2674066860150441,Synthetic,B
,,30.0,,33.06868471663835,5.416774532459863,3.0,4.851194518941653,Seam-3,,427.5013746278784,2.1926496576925345,,8.889569045491672,33.06868471663835,992.0605414991505,74.34111230255016,13.572768052710513,3.6111830216399086,1.8055915108199543,0.7851107018594259,4.308664127126692,,6.057957503875454,3.4985867534975257,6.89978413515968,3.4011973816621555,1.6895005335942597,Synthetic,B
,,92.0,,42.61568290807841,7.216271389847602,4.0,4.954937629504494,Seam Top -5,,407.5987038690968,2.663008053908508,,13.23276439226563,42.61568290807841,3920.642827543214,62.4378684179953,6.5095977740755115,4.810847593231735,2.4054237966158674,0.9794563312014267,4.134171956979877,,6.010283121434527,3.752222328909299,8.27401090595834,4.5217885770490405,1.976338391510921,Synthetic,B
,,83.0,,51.80924609797829,4.604175243386493,3.0,5.511692790813701,Seam Top -3,,402.4826453265129,2.5810114310283847,,2.0,51.80924609797829,4300.167426132198,55.91695613825399,6.137683311391422,3.0694501622576618,1.5347250811288309,0.9481813496411925,4.023867664009399,,5.997651978727834,3.947568629436871,8.366409237233468,4.418840607796598,1.5269635534251025,Synthetic,B
,,117.0,,46.72031596917781,3.764588102565155,7.0,3.907707668377342,Seam 3 floor ,,538.9622420995232,1.5605507745576652,,2.2367865030424743,46.72031596917781,5466.276968393804,78.85068225374336,7.289748153107439,2.509725401710103,1.2548627008550515,0.4450388195641011,4.367555965923844,,6.28964551669185,3.8441791015360107,8.606353036333768,4.762173934797756,1.3256384535579313,Synthetic,B
,,111.0,,20.0,3.0775704017176357,5.0,3.6509022334541954,Seam 4Floor ,,425.91947700586104,1.4116198604058077,,8.62119574749322,20.0,2220.0,95.23849035262639,9.039637462159257,2.0517136011450905,1.0258568005725452,0.3447378821488849,4.55638417051263,,6.054250307289626,2.995732273553991,7.705262474866325,4.709530201312334,1.1241404550837448,Synthetic,B
,,113.0,,52.16311350837882,4.5943395075811955,3.0,4.862148903539567,Seam Top -3,,455.4321255040688,2.6148334140061804,,5.39355002912602,52.16311350837882,5894.431826446807,63.058249279804265,5.932021102124681,3.0628930050541303,1.5314465025270652,0.9612003914747665,4.144058890962798,,6.12124669462876,3.954375607331924,8.681763426044265,4.727387818712341,1.5248250039265936,Synthetic,B
,,62.0,,28.747544502055547,3.165238758471162,3.0,4.470348071911341,Seam 5 Floor ,,439.2003809505135,1.5782224361554351,,4.60927533220939,28.747544502055547,1782.3477591274439,81.9147915929857,10.403188935503321,2.1101591723141078,1.0550795861570539,0.4562991732979018,4.4056795800827695,,6.0849557575686095,3.3585523549716805,7.485686740016772,4.127134385045092,1.1522284898665944,Synthetic,B
,,96.0,,42.84520069859678,2.9373480388279596,7.0,4.248082452798968,Seam 3 floor ,,544.2080960483204,1.8517425243228405,,2.0,42.84520069859678,4113.13926706529,83.14074420476776,8.485516672372441,1.9582320258853063,0.9791160129426532,0.6161271008154066,4.4205348850084825,,6.2993317032107745,3.757593636404586,8.321941827872422,4.564348191467836,1.0775071466693367,Synthetic,B
,,79.0,,37.52832398560722,5.061978974989784,3.0,5.022133986674557,Seam Top -3,,435.47782291745153,2.878462531327621,,4.924687335243486,37.52832398560722,2964.7375948629706,71.08638976530634,7.997843704545769,3.3746526499931893,1.6873263249965946,1.057256308313772,4.26389589464996,,6.076443871729452,3.625095954158984,7.994543806626004,4.3694478524670215,1.6217575086156466,Synthetic,B
,,97.0,,20.715093292596706,7.210878379722223,4.0,4.595769649722415,Seam 4 Floor ,,498.87202210075253,0.84908666517619,,10.556085428542143,20.715093292596706,2009.3640493818805,109.6088702908419,11.12909461144346,4.807252253148148,2.403626126574074,-0.16359401875661023,4.696918304549593,,6.212349594121822,3.0308625791444572,7.60557355764784,4.574710978503383,1.9755907718545491,Synthetic,B
,,142.0,,41.85293683700542,5.509311349985373,5.0,3.720128763202259,Seam 4Floor ,,559.9832522109,1.791856360506354,,6.346562222291281,41.85293683700542,5943.11703085477,86.55896790994352,7.263867226342593,3.672874233323582,1.836437116661791,0.5832521553726411,4.460825891620704,,6.327906876515728,3.734161969790048,8.68998902739131,4.955827057601261,1.7064396335001062,Synthetic,B
,,67.0,,49.1203413862095,5.485794157641154,4.0,3.9030252997786734,Seam 5floor ,,449.42324491328003,2.468386570161293,,7.8342535870797985,49.1203413862095,3291.0628728760366,64.12462565995213,7.834069886432424,3.657196105094102,1.828598052547051,0.9035647267439673,4.160828465812329,,6.107965082742187,3.894273233859717,8.098965853250682,4.204692619390966,1.702161870419041,Synthetic,B
,,51.0,,40.725265958063126,4.361216856336588,3.0,4.668347839112742,Seam-3,,341.3148097432539,3.4481134757332303,,23.81094602526901,40.725265958063126,2076.9885638612195,53.48391233178807,7.48924572541029,2.907477904224392,1.453738952112196,1.2378272628553892,3.9793809046026962,,5.832805247128454,3.7068486850515145,7.63867431777584,3.9318256327243257,1.472751113911085,Synthetic,B
,,161.0,,38.37103848878466,5.1133940305472105,5.0,3.852610357850128,Seam 4Floor ,,481.38008056683776,1.7748655799469566,,5.002985229134006,38.37103848878466,6177.737196694331,77.71168730686153,6.1245389452936605,3.40892935369814,1.70446467684907,0.5737246904523993,4.353005661852005,,6.1766571463600055,3.647302969016002,8.728707334000466,5.081404364984462,1.6318633775813585,Synthetic,B
,,50.0,,30.24927870202689,3.6710054698348626,3.0,5.673089131813312,Seam-3,,181.206462901405,6.1893396459279275,,24.684124945902298,30.24927870202689,1512.4639351013445,32.9470224244234,4.659412595243006,2.4473369798899083,1.2236684899449541,1.8228284002186173,3.4949008903833807,,5.199637060199115,3.4094723396314697,7.321495345059616,3.912023005428146,1.300465594525808,Synthetic,B
,,74.0,,48.57682284726618,4.33718765109,3.0,4.461064094311405,Seam Top -3,,449.73648279271305,2.524191917847206,,2.0,48.57682284726618,3594.684890697697,64.52731076773036,7.50114751123728,2.8914584340599996,1.4457292170299998,0.9259209789702225,4.167088556939118,,6.108661817443382,3.883146521008528,8.187211614212696,4.30406509320417,1.4672261314039603,Synthetic,B
,,36.0,,54.45963061284243,5.469772416964507,4.0,3.6556411667885427,Seam 5floor ,,393.88984260401253,3.069742679276826,,9.46908666708753,54.45963061284243,1960.5467020623275,53.37494444245268,8.895824073742114,3.6465149446430045,1.8232574723215023,1.1215937402610574,3.9773414306574306,,5.976071282906657,3.9974597044984543,7.580978642954564,3.58351893845611,1.6992370098945853,Synthetic,B
,,79.0,,37.67602572895447,3.1020375322439477,3.0,3.372850568532124,Seam 5 Floor ,,486.96937038847597,1.4013008415905552,,17.34006125340091,37.67602572895447,2976.4060325874034,79.3357813352872,8.92597276908443,2.068025021495965,1.0340125107479825,0.33740097777228556,4.373689241694778,,6.188201226625134,3.629023969860711,7.9984718223277325,4.3694478524670215,1.1320591640505726,Synthetic,B
,,82.0,,46.597247253006806,4.897566634980311,3.0,4.264545621406201,Seam Top -3,,425.73356670424926,2.496604710197452,,2.6760281578055185,46.597247253006806,3820.974274746558,62.36741768691951,6.887329112513898,3.2650444233202074,1.6325222116601037,0.9149316928778516,4.133042986553105,,6.053813720334556,3.841541467562903,8.248260714827156,4.406719247264253,1.5887384766613675,Synthetic,B
,,62.0,,38.863563947434585,6.758757079889229,4.0,3.9066140429023544,Seam 5floor ,,529.1631589362304,1.302863072150474,,2.0,38.863563947434585,2409.540964740944,84.88252461245104,10.780091405878078,4.5058380532594855,2.2529190266297427,0.26456420601325925,4.441268237176917,,6.27129681329484,3.660057152235844,7.787191537280935,4.127134385045092,1.910839009228118,Synthetic,B
,,105.0,,51.69453663179582,2.971236181028139,7.0,3.6911954090996066,Seam 3 floor ,,494.4457461859817,2.49845691194907,,3.5685943946694803,51.69453663179582,5427.926346338561,68.76957200958638,6.711223034079475,1.9808241206854258,0.9904120603427129,0.9156733060857035,4.2307613798077455,,6.203437430556294,3.9453521014970976,8.59931245165462,4.653960350157523,1.08897808878642,Synthetic,B
,,168.0,,28.43806936441039,6.070062575162871,5.0,4.8808444653960965,Seam 4Floor ,,631.6353569631505,0.7412579592395263,,2.692418358609391,28.43806936441039,4777.595653220946,118.44490334165968,9.13822268577713,4.0467083834419135,2.0233541917209568,-0.29940659113658286,4.774447901748799,,6.448312260806988,3.3477287181163797,8.47169269751964,5.123963979403259,1.8033689139413134,Synthetic,B
,,151.0,,34.80777713535517,6.316748540501418,5.0,3.8585767269111035,Seam 4Floor ,,494.28169528314857,1.9981903328952755,,2.0,34.80777713535517,5255.9743474386305,83.7792335135079,6.817857331798667,4.211165693667612,2.105582846833806,0.6922419373986003,4.428185166676704,,6.203105588033354,3.549840842713303,8.567120679528227,5.017279836814924,1.8432046043332784,Synthetic,B
,,120.0,,20.0,3.4332925797805656,5.0,4.644698431715012,Seam 4Floor ,,395.77879791990773,1.6982913742598877,,9.625526268008953,20.0,2400.0,88.4988296202066,8.078800882632251,2.2888617198537102,1.1444308599268551,0.5296226716718728,4.482989327296004,,5.980855464072999,2.995732273553991,7.783224016336037,4.787491742782046,1.2335197365302062,Synthetic,B
,,89.0,,29.939532776063253,5.148554071792848,3.0,5.484003237470317,Seam Top -3,,452.62573397131615,1.8677123061858734,,7.9234786172747205,29.939532776063253,2664.6184170696297,82.72118225497836,8.768427782189677,3.432369381195232,1.716184690597616,0.6247143162678367,4.415475702908691,,6.1150655896725965,3.399179773527809,7.887816143259949,4.48863636973214,1.6387159124957325,Synthetic,B
,,89.0,,31.47161848042376,4.657861810076168,3.0,3.895522922387993,Seam 5 Floor ,,452.416451558729,1.183127984910558,,23.268420768031838,31.47161848042376,2800.9740447577146,80.64526070566048,8.548380538056032,3.1052412067174453,1.5526206033587227,0.16816176588206744,4.390060039120575,,6.114603108653118,3.4490861390650833,7.937722508797224,4.48863636973214,1.5385565037992623,Synthetic,B
,,41.0,,40.61248262538408,5.349817634465254,4.0,5.055067791042811,Seam 5floor ,,381.6899633446973,2.6005653571563605,,7.045072069711415,40.61248262538408,1665.1117876407475,59.89367627612392,9.35382073738063,3.566545089643503,1.7832725448217515,0.9557288664498245,4.092570928198172,,5.944608664788491,3.7040754731806382,7.417647539884947,3.713572066704308,1.6770624733110995,Synthetic,B
,,31.0,,35.85429754779339,6.198866057609495,3.0,5.134266993232404,Seam-3,,441.1922149196817,2.4328614074210075,,5.007636496163363,35.85429754779339,1111.483223981595,73.68129178382165,13.233550664556216,4.1325773717396626,2.0662886858698313,0.8890680985212736,4.299748924147075,,6.089480641982693,3.5794634356712347,7.013450640156381,3.4339872044851463,1.8243663813899582,Synthetic,B
,,57.0,,33.92185136707905,5.998205467260973,3.0,5.756504633001994,Seam-3,,367.2858109425603,2.341891001661317,,8.667670685643479,33.92185136707905,1933.545527923506,63.061511714074825,8.35270127507284,3.998803644840648,1.999401822420324,0.8509587233842396,4.144110626460004,,5.906140321375816,3.524059389831624,7.567110657666174,4.04305126783455,1.7914603357022447,Synthetic,B
,,81.0,,45.24152629768124,6.951929117792934,4.0,4.698298445790632,Seam 5floor ,,488.08133378343075,1.7362688927451504,,8.671559595721185,45.24152629768124,3664.5636301121804,72.56439433129772,8.062710481255301,4.634619411861956,2.317309705930978,0.5517384963779136,4.284474365319557,,6.190482059554645,3.8120153884701757,8.206464543142614,4.394449154672439,1.9390191919664823,Synthetic,B
,,118.0,,39.868859538853926,6.810940592435091,4.0,5.207323992552391,Seam Top -5,,350.3975883011766,2.7431867600088715,,7.16046548901388,39.868859538853926,4704.525425584763,55.493766442383404,5.10861528384359,4.540627061623393,2.2703135308116966,1.0091202956781367,4.016270698090983,,5.859068476336429,3.685595556490892,8.456280180956558,4.770684624465665,1.9185302299241358,Synthetic,B
,,73.0,,86.29384835471335,4.7400164244535805,5.0,5.375565423902925,Seam Top -5,,264.2266950764632,7.700247861049251,,4.571919483063931,86.29384835471335,6299.450929894075,28.443744841573196,3.329088526811748,3.16001094963572,1.58000547481786,2.0412525180882155,3.3479282714274285,,5.576807428151446,4.457758313448036,8.748217754596427,4.290459441148391,1.5560406007755767,Synthetic,B
,,62.0,,41.24444950684109,5.740849902249573,3.0,5.312035707559738,Seam Top -3,,453.22359220669796,1.8844237319322632,,3.8768471042258867,41.24444950684109,2557.1558694241476,70.5715657236792,8.96259780950955,3.8272332681663817,1.9136166340831908,0.6336220616576026,4.2566273115836655,,6.116385584742224,3.719516546317117,7.846650931362208,4.127134385045092,1.747607265964701,Synthetic,B
,,45.0,,46.64016978210531,5.5244811420396065,3.0,4.427869284304146,Seam-3,,311.80259848747016,4.806183276865094,,15.73808946504381,46.64016978210531,2098.807640194739,45.65619020467803,6.8060229927546745,3.6829874280264043,1.8414937140132022,1.5699032715986199,3.8211391992647608,,5.742370290416628,3.842462182303735,7.6491246720740556,3.8066624897703196,1.7091893320508502,Synthetic,B
,,123.0,,35.02467301460022,4.770781108044973,4.0,5.028645177226508,Seam Top -5,,430.2747301975615,2.070891880827491,,7.650767495549501,35.02467301460022,4308.034780795827,72.70408217350614,6.555506321221626,3.1805207386966488,1.5902603693483244,0.7279793747867661,4.286397533905381,,6.064423912109334,3.5560527564079063,8.368237111780324,4.812184355372417,1.5625100458010992,Synthetic,B
,,89.0,,41.56631620299689,4.828071715879937,3.0,5.53712361697233,Seam Top -3,,503.3791833229228,1.725411639279002,,2.0,41.56631620299689,3699.402142066723,78.07724548553632,8.276171469140465,3.2187144772532914,1.6093572386266457,0.5454656534814517,4.357698663377226,,6.221343729686721,3.72729013261899,8.21592650235113,4.48863636973214,1.5744471572840222,Synthetic,B
,,97.0,,35.66010159458551,6.221434759460231,4.0,5.763093158680831,Seam Top -5,,406.89879625969786,1.8143072445537127,,3.46822960898942,35.66010159458551,3459.0298546747945,68.13889980312216,6.9184570611524,4.147623172973487,2.0738115864867437,0.5957037114156686,4.221548265978639,,6.008564496683529,3.5740324614097783,8.148743439913162,4.574710978503383,1.8280005488746582,Synthetic,B
,,79.0,,88.70908501592376,7.331453678499708,5.0,4.639680164084025,Seam Top -5,,319.20584544889476,6.563826686902682,,6.851653890572556,88.70908501592376,7008.017716257978,33.89118747636187,3.8130564977670325,4.887635785666472,2.443817892833236,1.8815737692995385,3.5231550241423677,,5.765836178217797,4.485362308150859,8.85481016061788,4.3694478524670215,1.9921738152672788,Synthetic,B
,,41.0,,39.3234216563742,6.579779086315407,4.0,4.26441565090651,Seam 5floor ,,579.2346893289427,1.6071875834308897,,8.107475715252704,39.3234216563742,1612.2602879113422,92.3695681105871,14.425702935856208,4.386519390876938,2.193259695438469,0.47448580889820857,4.525797574947676,,6.361707731075272,3.671820312255193,7.385392378959501,3.713572066704308,1.8840011712653262,Synthetic,B
,,80.0,,25.015761302562236,3.808347418177359,3.0,4.075435106638767,Seam 5 Floor ,,465.09402811052917,1.2947506523569674,,4.930632942779265,25.015761302562236,2001.260904204979,92.98949752860212,10.39654188337515,2.538898278784906,1.269449139392453,0.2583181301695588,4.532486556976229,,6.142239596135855,3.2195060783192524,7.601532712993134,4.382026634673881,1.3371953465326347,Synthetic,B
,,104.0,,20.0,4.85631076676157,5.0,3.941062967709202,Seam 4Floor ,,392.78040844273465,1.031406138194287,,11.16329496491978,20.0,2080.0,87.8283693508087,8.61228017628477,3.2375405111743802,1.6187702555871901,0.030923053939764987,4.47538456178615,,5.973250698563145,2.995732273553991,7.640123172695364,4.6443908991413725,1.5802790481595879,Synthetic,B
,,87.0,,49.983353494166295,5.035023810171111,3.0,5.178001314612513,Seam Top -3,,428.8339339228681,2.8739128321796144,,2.0,49.983353494166295,4348.551753992468,60.65637454343233,6.503045946582992,3.356682540114074,1.678341270057037,1.0556744574055097,4.105224733633448,,6.061069743572416,3.9116900198779367,8.37759813853252,4.465908118654584,1.6164182550910444,Synthetic,B
,,111.0,,20.0,5.795327090477526,4.0,4.608998705333069,Seam 4 Floor ,,442.22673818318685,1.3197641986924111,,2.0,20.0,2220.0,98.88490480456076,9.385739805447354,3.863551393651684,1.931775696825842,0.2774530832864929,4.593956596085158,,6.091822732862153,2.995732273553991,7.705262474866325,4.709530201312334,1.7570519187670035,Synthetic,B
,,78.0,,41.76060318530979,4.73830544272895,3.0,5.270703784436294,Seam Top -3,,384.55118625562375,2.9187979154746233,,2.0,41.76060318530979,3257.3270484541636,59.507372384988415,6.73788311138127,3.1588702951526333,1.5794351475763166,1.0711718587370238,4.086100210505973,,5.952076904287341,3.7319533875627355,8.088662214252327,4.356708826689592,1.5556795702541004,Synthetic,B
,,147.0,,40.60589028106318,4.701155809581493,5.0,4.720858380475026,Seam 4Floor ,,490.7464570673509,2.5350273225396966,,6.909835004638856,40.60589028106318,5969.0658713162875,77.01275405816773,6.35190489807394,3.134103873054329,1.5670519365271645,0.9302044151072313,4.343971045256432,,6.195927613705856,3.7039131368988474,8.694345723677584,4.990432586778736,1.5478083954156332,Synthetic,B
,,120.0,,22.772870633512174,3.412184396947086,5.0,4.3920637954323505,Seam 4Floor ,,474.1417655455757,1.3455789224943124,,10.66085104802394,22.772870633512174,2732.7444760214607,99.35719517907447,9.070029508337104,2.274789597964724,1.137394798982362,0.29682434609358543,4.5987213889126775,,6.161506360408028,3.1255699429907016,7.913061685772747,4.787491742782046,1.227352671823021,Synthetic,B
,,63.0,,95.06689051874922,6.397988205844526,5.0,5.155295629436352,Seam Top -5,,213.51123116328827,10.30456209548173,,4.359676752230094,95.06689051874922,5989.2141026812005,21.898082129409865,2.7588990239850593,4.265325470563017,2.1326627352815084,2.332586719066074,3.086399058988079,,5.363689436265359,4.554580754554559,8.697715480946092,4.143134726391533,1.8559835981127677,Synthetic,B
,,108.0,,20.0,3.191693337979827,5.0,4.93231252841154,Seam 4Floor ,,379.2576797693573,1.3771705197444346,,4.571411394588704,20.0,2160.0,84.80459529531296,8.16032598704437,2.127795558653218,1.063897779326609,0.3200310463167537,4.440349731132862,,5.938215867909857,2.995732273553991,7.677863500678211,4.68213122712422,1.1605516029108887,Synthetic,B
,,65.0,,43.93986656366483,6.3363619817980465,4.0,4.554964797940168,Seam 5floor ,,553.0458525056006,1.6395382484140133,,13.054022714192222,43.93986656366483,2856.091326638214,83.43183064205698,10.348444969979326,4.224241321198697,2.1121206605993486,0.49441464634670473,4.424029898924927,,6.315440914008327,3.7828220301668014,7.957209300062439,4.174387269895637,1.8463047838458142,Synthetic,B
,,74.0,,20.0,5.319599159092389,3.0,4.269415611396029,Seam 5 Floor ,,415.1489809665732,0.9451218992713769,,9.705199117615658,20.0,1480.0,92.8301342231024,10.791283907707465,3.546399439394926,1.773199719697463,-0.056441365869431936,4.530771309313009,,6.028637446090005,2.995732273553991,7.299797366758161,4.30406509320417,1.671397954479633,Synthetic,C
,,45.0,,27.518665361253717,2.7711011279656423,3.0,5.3680394081711365,Seam-3,,380.7131623362071,0.883408196122968,,26.732500255095093,27.518665361253717,1238.3399412564172,72.5745260503,10.818771578886674,1.8474007519770947,0.9237003759885474,-0.12396790193319676,4.284613979407799,,5.942046236828627,3.3148645148416565,7.121527004611976,3.8066624897703196,1.0192447603306243,Synthetic,C
,,64.0,,20.0,4.7043470756576395,3.0,3.8315510060188678,Seam 5 Floor ,,490.068759721108,0.71567270096094,,19.209671270410613,20.0,1280.0,109.58270603854083,13.697838254817604,3.1362313837717597,1.5681156918858798,-0.334532338096337,4.6966795704443545,,6.194545707221351,2.995732273553991,7.154615356913663,4.1588830833596715,1.548486990964972,Synthetic,C
,,112.0,,20.0,4.626766489450837,4.0,4.6278194875665815,Seam 4 Floor ,,523.7161219321861,0.5660868851757163,,2.0,20.0,2240.0,117.10648495529365,11.06552271802264,3.0845109929672248,1.5422554964836124,-0.5690077051824154,4.763083648705576,,6.2609497854825715,2.995732273553991,7.7142311448490855,4.718498871295094,1.5318582417075204,Synthetic,C
,,118.0,,20.0,5.667746494291822,4.0,4.283978117512933,Seam 4 Floor ,,423.9574399234051,0.6757023907632169,,8.63421765116592,20.0,2360.0,94.7997655235517,8.727025792369426,3.7784976628612146,1.8892488314306073,-0.39200255022808184,4.5517669358776605,,6.0496330726546566,2.995732273553991,7.766416898019656,4.770684624465665,1.7347915950504758,Synthetic,C
,,107.0,,28.28449292181555,6.68458914494018,4.0,4.1363459686148465,Seam 4 Floor ,,404.64218360426327,1.4394914617368513,,9.23904361416713,28.28449292181555,3026.4407426342636,76.08463421156704,7.355379214801389,4.456392763293453,2.2281963816467263,0.36428989964357683,4.331846328731777,,6.0030031793193706,3.342313701175186,8.015142535637091,4.672828834461906,1.8998047494191634,Synthetic,C
,,30.0,,30.840534124059676,3.9286706115708148,3.0,5.833531218071088,Seam-3,,201.1014863472006,3.0747593224848746,,21.777413143599933,30.840534124059676,925.2160237217903,36.212152031029625,6.611404174400481,2.61911374104721,1.309556870523605,1.1232266290846846,3.5893947539648585,,5.303809687836328,3.4288298677429374,6.830027249405093,3.4011973816621555,1.3683011018801847,Synthetic,C
,,173.0,,31.063439432410835,6.127794693640596,5.0,4.060753648420372,Seam 4Floor ,,489.54137450723186,0.8085920729318774,,4.838434635475077,31.063439432410835,5373.975021807075,87.83439873669121,6.677925676269594,4.085196462427064,2.042598231213532,-0.21246072527160698,4.475453209069243,,6.193468982417472,3.4360315466964564,8.589323141194237,5.153291594497778,1.8128349288810661,Synthetic,C
,,88.0,,26.454117465598106,5.457986342492962,4.0,4.7537271691432705,Seam 4 Floor ,,467.4266169956807,0.7421346963377851,,9.688776167937128,26.454117465598106,2327.9623369726332,90.87968232577428,9.687806687012692,3.6386575616619745,1.8193287808309873,-0.2982245208370565,4.509536459431677,,6.1472423674146235,3.275411815965892,7.752748630444099,4.477336814478207,1.6970799199915103,Synthetic,C
,,72.0,,20.0,4.411210422582612,3.0,4.417877006928751,Seam 5 Floor ,,443.6680153452375,0.8557872156829519,,7.010459881958859,20.0,1440.0,99.20718417543708,11.691678778812385,2.940806948388408,1.470403474194204,-0.15573351355111248,4.5972104327919014,,6.095076569568897,2.995732273553991,7.272398392570047,4.276666119016055,1.4841491240390954,Synthetic,C
,,154.0,,28.29125477628909,5.505858008990722,5.0,4.067020443116512,Seam 4Floor ,,498.21703120573136,0.7332585330468145,,4.616909255472715,28.29125477628909,4356.8532355485195,93.66826256015219,7.548003697132939,3.6705720059938143,1.8352860029969071,-0.3102569338969406,4.539759418529234,,6.211035787722958,3.342552738387449,8.379505340801078,5.0369526024136295,1.7058126179735629,Synthetic,C
,,154.0,,30.97154699346102,5.0022435165652555,5.0,4.120316372012577,Seam 4Floor ,,430.527343658239,1.1910803979958293,,8.169022769549008,30.97154699346102,4769.618236992997,77.36050397933357,6.23388706151238,3.3348290110435035,1.6674145055217517,0.17486079270929536,4.348476365851502,,6.06501083789774,3.433068944092476,8.470021546506105,5.0369526024136295,1.6098865151099229,Synthetic,C
,,112.0,,23.38078409094925,3.8088026519678406,5.0,3.4566874115231463,Seam 4Floor ,,376.87045630626943,1.0510077577531316,,5.838972948373467,23.38078409094925,2618.647818186316,77.94038698162599,7.364674322911376,2.53920176797856,1.26960088398928,0.04974947317407246,4.355944265020459,,5.9319015111733355,3.1519144923057523,7.870413363600846,4.718498871295094,1.3373148751717798,Synthetic,C
,,109.0,,33.615631921804365,4.460322590380203,3.0,3.5519424857817072,Seam 5 Floor ,,466.43507481867067,1.1854407516551315,,12.231730833245905,33.615631921804365,3664.103879476676,80.44898350418205,7.705615101962838,2.973548393586802,1.486774196793401,0.17011464775870028,4.387623238233423,,6.145118835507693,3.5149911945485397,8.206339076777683,4.6913478822291435,1.4952210930979672,Synthetic,C
,,150.0,,37.005198317864334,3.9901032957497593,5.0,3.5260926224357765,Seam 4Floor ,,392.5506369323355,1.141094938014352,,6.95316082557793,37.005198317864334,5550.77974767965,64.53039423559052,5.2688846259277895,2.660068863833173,1.3300344319165864,0.13198827339077662,4.1671363412672315,,5.9726655401937965,3.61105839785313,8.621693691949385,5.0106352940962555,1.383817119225754,Synthetic,C
,,69.0,,40.266689288648756,5.1355503263990885,3.0,4.302729208410268,Seam 5 Floor ,,478.4276229502361,0.9423023728153628,,8.739052962772353,40.266689288648756,2778.401560916764,75.39512833099667,9.07650684263808,3.423700217599392,1.711850108799696,-0.05942906566226819,4.322742661931791,,6.17050494125011,3.695524558636638,7.929631063233898,4.23410650459726,1.6361870092834432,Synthetic,C
,,70.0,,36.84551980406452,5.980206989671212,3.0,5.035445326411033,Seam Top -3,,553.1645321597571,0.8067523752590834,,2.2938150192051836,36.84551980406452,2579.1863862845166,91.13012842799122,10.892133666945263,3.9868046597808076,1.9934023298904038,-0.21473850382250248,4.512288467790387,,6.315655483779606,3.606734031978439,7.855229274027797,4.248495242049359,1.7884551810208948,Synthetic,C
,,122.0,,22.90936752438826,3.6067893963541318,5.0,3.551984218117206,Seam 4Floor ,,396.8439587065427,0.9336873400362816,,8.976180804923723,22.90936752438826,2794.9428379753676,82.91120432777613,7.506427739098903,2.404526264236088,1.202263132118044,-0.06861365050430235,4.417770207746622,,5.983543152305333,3.131545889117422,7.935566933850679,4.804021044733257,1.2828180127352593,Synthetic,C
,,114.0,,22.364486903263014,4.5148968196825665,5.0,4.290049420817604,Seam 4Floor ,,328.24722392782314,1.1665196234322646,,11.11487900926263,22.364486903263014,2549.5515069719836,69.40992776308887,6.500835352581934,3.009931213121711,1.5049656065608554,0.1540246348258619,4.24002990862323,,5.793767055958486,3.1074742946705127,7.843672743065008,4.736198448394496,1.5073823338243353,Synthetic,C
,,66.0,,40.88677986783405,5.219380394087237,4.0,4.271728230477053,Seam 5floor ,,460.6351545996372,1.6682355296854925,,5.3361991255347165,40.88677986783405,2698.5274712770474,72.03865989305177,8.8673460543888,3.479586929391491,1.7397934646957456,0.5117664988155065,4.277202917872818,,6.132606307964407,3.7108067801831766,7.900461522209603,4.189654742026425,1.6523786963986078,Synthetic,C
,,174.0,,37.18012660656728,6.727167863382505,5.0,3.6525170043503175,Seam 4Floor ,,470.52793178714484,1.4181904354879358,,8.799886592988468,37.18012660656728,6469.342029542707,77.16670870890592,5.849993090164469,4.4847785755883365,2.2423892877941682,0.34938171774425586,4.345968129681865,,6.1538553234421745,3.6157743875206165,8.774829686735146,5.159055299214529,1.9061542324087333,Synthetic,C
,,171.0,,20.121763576232734,6.367512333062283,5.0,3.9860862276853632,Seam 4Floor ,,465.33073807843925,0.7383193824891671,,4.548535089290439,20.121763576232734,3440.8215715357974,103.73581431837789,7.932875990170331,4.2450082220415215,2.1225041110207608,-0.3033787803980566,4.641847420301065,,6.1427484174433244,3.001801994284519,8.143465550787178,5.14166355650266,1.851208864746283,Synthetic,C
,,89.0,,50.04571510405187,5.18647412201183,3.0,5.273570837530238,Seam Top -3,,432.20248555860667,1.5772086019816831,,2.6961071346285315,50.04571510405187,4454.068644260617,61.09473853463153,6.476029332625228,3.457649414674553,1.7288247073372764,0.4556565769639079,4.112425750106845,,6.06889419500166,3.912936889789631,8.40157325952177,4.48863636973214,1.6460541063876288,Synthetic,C
,,115.0,,46.548406325722844,4.855785787330494,3.0,3.5708223229402885,Seam 5 Floor ,,437.9612961241608,1.327459852775059,,19.26613613622096,46.548406325722844,5353.066727458127,64.19235725688081,5.9859681794321355,3.237190524886996,1.618595262443498,0.2832672309459839,4.161884157766418,,6.082130541458697,3.840492767384556,8.585424895747808,4.74493212836325,1.5801709397962362,Synthetic,C
,,30.0,,32.841275674625464,4.23140889733163,3.0,5.283113382447976,Seam-3,,191.21567884453256,2.8690945704332287,,23.46863872095733,32.841275674625464,985.2382702387639,33.36671796591518,6.091901366614879,2.8209392648877536,1.4104696324438768,1.0539964993117432,3.5075589350918985,,5.253401999580255,3.491686128976713,6.892883510638868,3.4011973816621555,1.4425350102570351,Synthetic,C
,,182.0,,32.68508459905737,5.042602552059982,5.0,4.15051180208178,Seam 4Floor ,,554.4816058343621,0.7516384110660774,,5.806833864750772,32.68508459905737,5948.685397028441,96.98673446189692,7.189135064507275,3.361735034706655,1.6808675173533274,-0.2854999070194658,4.574574211026364,,6.318033633714253,3.4869188453757802,8.690925532452576,5.204006687076795,1.6179223281823065,Synthetic,C
,,94.0,,36.25635397766937,7.3678625488615985,4.0,4.500400147249487,Seam Top -5,,405.73375530383555,1.448116111027837,,2.0,36.25635397766937,3408.0972739009208,67.38280356180196,6.950005522612523,4.911908365907732,2.455954182953866,0.3702634779226257,4.2103898453318935,,6.005697169373478,3.590614648083167,8.133909430353171,4.543294782270004,1.997127643629919,Synthetic,C
,,132.0,,33.15508781568168,3.3650222574421838,5.0,4.109898367499051,Seam 4Floor ,,334.8550801194922,1.9152338585285853,,4.632359596850111,33.15508781568168,4376.471591669982,58.154295750116326,5.061681743967325,2.2433481716281225,1.1216740858140613,0.649839734512726,4.063099749840905,,5.813697841569906,3.5011961834580014,8.383998106044372,4.882801922586371,1.2134345774707103,Synthetic,C
,,45.0,,42.405650265462064,5.853605262554639,4.0,4.182824293327952,Seam 5floor ,,528.7130690094383,1.1511587904377631,,9.013419366280356,42.405650265462064,1908.254261945793,81.19105450525504,12.103247802576055,3.9024035083697592,1.9512017541848796,0.1407690789017882,4.396805074907451,,6.270445882076119,3.7472816143373358,7.553944104107655,3.8066624897703196,1.7670577556160203,Synthetic,C
,,106.0,,32.47156132881389,2.6181524206069664,5.0,3.6869994369306003,Seam 4Floor ,,503.2507851506689,0.6694510564404743,,4.8589298294445005,32.47156132881389,3441.9855008542727,88.31467508580315,8.57787953495159,1.7454349470713109,0.8727174735356554,-0.4012972211677338,4.480906289563139,,6.22108862467898,3.480364670231682,8.143803764343748,4.663439094112067,0.9624688860400977,Synthetic,C
,,110.0,,28.90795737962594,4.81457735560253,4.0,4.2263581750668955,Seam 4 Floor ,,439.8358730765162,0.9370734795389781,,2.8016001855800683,28.90795737962594,3179.8753117588535,81.80539476056998,7.799838350267087,3.2097182370683535,1.6048591185341767,-0.06499357981949282,4.40434319205227,,6.0864016415894415,3.3641168990743435,8.064597264866759,4.700480365792417,1.5716482647832763,Synthetic,C
,,30.0,,53.892891552037526,4.929344896950174,3.0,4.495790034534405,Seam-3,,331.8769959739492,1.7242516046733294,,6.433637114184265,53.892891552037526,1616.7867465611257,45.20759540610328,8.253739924829896,3.2862299313001158,1.6431149656500579,0.5447931039788694,3.81126511267909,,5.80476440621224,3.9869985870662985,7.3881959687284535,3.4011973816621555,1.5952060982819745,Synthetic,C
,,115.0,,22.370703878701633,5.7267296627930175,4.0,4.275500515438053,Seam 4 Floor ,,499.6351828818761,0.815386629336896,,6.583549430071733,22.370703878701633,2572.6309460506877,105.63630163921015,9.85063592032876,3.817819775195345,1.9089098875976724,-0.20409288640508935,4.660002077721154,,6.213878197873337,3.1077522403043623,7.852684368667612,4.74493212836325,1.745144628315216,Synthetic,C
,,139.0,,20.0,3.501387485393961,5.0,3.9939589947814262,Seam 4Floor ,,411.8900889320245,0.7773712024172266,,8.757394157161958,20.0,2780.0,92.10142381104406,7.8119408084290844,2.3342583235959737,1.1671291617979869,-0.25183730470624166,4.522890402545068,,6.020756539322062,2.995732273553991,7.930206206684683,4.934473933130692,1.253159314338251,Synthetic,C
,,103.0,,20.0,6.06972315230574,4.0,4.22773892065284,Seam 4 Floor ,,490.6285076198277,0.6465870670077877,,10.288784280446084,20.0,2060.0,109.70786947372082,10.809837583748385,4.04648210153716,2.02324105076858,-0.43604741542534486,4.697821101022941,,6.195687237799938,2.995732273553991,7.630461261783627,4.634728988229636,1.8033129948559459,Synthetic,C
,,47.0,,35.09542589920126,4.991568865008555,3.0,4.2575560508780566,Seam-3,,314.6545380546384,1.9368317967424087,,27.215592493375002,35.09542589920126,1649.4850172624592,53.1139672061686,7.747468374947234,3.3277125766723694,1.6638562883361847,0.6610535436601986,3.9724399295577304,,5.751475332416653,3.5580708057178456,7.408218407427905,3.8501476017100584,1.6077502621548583,Synthetic,C
,,147.0,,43.223056752166016,5.729136015408836,5.0,3.6557059876816864,Seam 4Floor ,,412.61197224056696,2.0541339346425787,,4.822345679113003,43.223056752166016,6353.789342568404,62.76016643580181,5.176371283727984,3.8194240102725576,1.9097120051362788,0.719854316119827,4.139320579802071,,6.022507616795353,3.7663740739865625,8.756806660765298,4.990432586778736,1.7455647367066385,Synthetic,C
,,100.0,,27.77992687663421,5.763952086354758,3.0,3.7913539465939987,Seam 5 Floor ,,367.4121004016499,1.2820218940939139,,2.0,27.77992687663421,2777.992687663421,69.7088480809936,6.9708848080993615,3.842634724236505,1.9213173621182524,0.2484384364290255,4.24432725491756,,5.906484107463632,3.3243137050921434,7.929483891080235,4.605170185988092,1.7516233655341553,Synthetic,C
,,109.0,,48.15254040099736,5.313619372035956,7.0,4.408419354816126,Seam 3 floor ,,531.5896305070352,1.03607589565049,,4.5358243950680475,48.15254040099736,5248.626903708712,76.60672540823514,7.337593522072665,3.542412914690637,1.7712064573453186,0.035440399503923345,4.3386848719555555,,6.275871820454401,3.8743738969976915,8.565721779226834,4.6913478822291435,1.6702732173797015,Synthetic,C
,,76.0,,38.47874189865261,5.1028994282175875,3.0,4.297382457388466,Seam 5 Floor ,,494.23619943669087,0.8170703447284371,,7.923790989327392,38.47874189865261,2924.384384297598,79.67537558600095,9.139392380737524,3.4019329521450583,1.7009664760725292,-0.20203008656983784,4.377960574267827,,6.2030135394286035,3.650105930321554,7.980839270607885,4.330733340286331,1.6298088935234416,Synthetic,C
,,39.0,,27.27813919297234,2.811898933960711,3.0,5.418110539437501,Seam-3,,399.0407554306676,1.3334899045480078,,28.545163879057004,27.27813919297234,1063.8474285259213,76.40290706108335,12.234256453032932,1.8745992893071404,0.9372996446535702,0.2877994939686106,4.336020745986311,,5.989063555610037,3.3060856192474506,6.969647265377097,3.6635616461296463,1.033860032321271,Synthetic,C
,,102.0,,45.10984480644146,2.9108221310938163,7.0,3.630490551500516,Seam 3 floor ,,480.4369794229422,1.1511617742790325,,2.0,45.10984480644146,4601.204170257029,71.53206480772592,7.082729821341805,1.9405480873958774,0.9702740436979387,0.1407716709311651,4.27014580802166,,6.174696063560836,3.8091005110783516,8.434073324362622,4.624972813284271,1.068435560558571,Synthetic,C
,,98.0,,40.65818649911792,4.382355101867125,7.0,4.070775389539672,Seam 3 floor ,,467.7388046648128,1.448052273791489,,5.505776089927249,40.65818649911792,3984.5022769135558,73.35494564612063,7.409968499991787,2.9215700679114165,1.4607850339557082,0.37021939399664056,4.295309927620991,,6.147910030425891,3.7052002056097972,8.29016768428037,4.584967478670572,1.4775862743726813,Synthetic,C
,,40.0,,54.425824743060495,6.815049663760755,4.0,3.0,Seam 5floor ,,494.6912483136577,1.527496800171217,,2.3216914224284926,54.425824743060495,2177.0329897224196,67.05508506858854,10.60233987565439,4.543366442507169,2.2716832212535847,0.4236303172471587,4.2055144468011045,,6.203933827180993,3.996838760759777,7.685718214873713,3.6888794541139363,1.9191333525409826,Synthetic,C
,,110.0,,47.33338249437094,7.398149971426387,4.0,5.214460199090494,Seam Top -5,,403.6683903496312,1.4487893702337367,,12.051492015664145,47.33338249437094,5206.672074380803,58.67336178347725,5.594285544581761,4.932099980950925,2.4660499904754625,0.37072829061491136,4.0719858211679725,,6.000593724941013,3.857215807546082,8.557696173338499,4.700480365792417,2.00122996509265,Synthetic,C
,,56.0,,32.36468008405552,5.240033636602575,4.0,4.305448836950399,Seam 5floor ,,484.30281782168737,0.7222453995265004,,5.85380934878514,32.36468008405552,1812.4220847071092,85.12974581706132,11.375940795378412,3.4933557577350496,1.7466778788675248,-0.3253903092974766,4.444176514070544,,6.182710367731484,3.477067707321879,7.502419398057028,4.02535169073515,1.6563279175113124,Synthetic,C
,,100.0,,33.86251600809422,5.8051788886517866,4.0,4.824187416069538,Seam Top -5,,488.6985332929612,0.9883949825066501,,11.81385188039182,33.86251600809422,3386.2516008094217,83.9810739178119,8.39810739178119,3.870119259101191,1.9350596295505955,-0.011672881259917223,4.43059146295485,,6.191745803029455,3.522308680149211,8.1274788661373,4.605170185988092,1.7587504309802595,Synthetic,C
,,61.0,,100.0,5.244908327661722,5.0,5.147714905860891,Seam Top -5,,216.24396852351595,5.706181573724475,,28.943504433244577,100.0,6100.0,21.624396852351595,2.7687203034058347,3.4966055517744814,1.7483027758872407,1.7415500738280343,3.07382216120824,,5.376407254202286,4.605170185988092,8.716044050161402,4.110873864173311,1.6572577636519947,Synthetic,C
,,87.0,,46.1895614689779,4.493217606050462,3.0,4.242537862314974,Seam Top -3,,353.22842612504064,1.8658386924786046,,2.551835003307568,46.1895614689779,4018.4918478010773,51.97371094505443,5.572166698622914,2.995478404033641,1.4977392020168205,0.6237106530714751,3.9507380319945615,,5.867114947159054,3.8327538303289868,8.29866194898357,4.465908118654584,1.5025690611543612,Synthetic,C
,,103.0,,21.086086136007243,6.531510027388501,4.0,4.099466504800088,Seam 4 Floor ,,406.3950653605671,1.0277832559443514,,15.117534752959742,21.086086136007243,2171.866872008746,88.50146050889562,8.720308019971581,4.354340018259,2.1771700091295,0.027404304281927028,4.483019054803087,,6.0073257538691145,3.0486133981320562,7.6833423863616925,4.634728988229636,1.8766381611784706,Synthetic,C
,,178.0,,22.63070304311281,5.456556184507411,5.0,4.3827246192161375,Seam 4Floor ,,505.35217605226273,0.5012359099289362,,9.16832318987505,22.63070304311281,4028.26514167408,106.22949506201564,7.96223728550101,3.6377041230049407,1.8188520615024704,-0.6906784106239068,4.665601801528395,,6.225255564541405,3.119307526026019,8.301091076318103,5.181783550292085,1.6968178553213333,Synthetic,C
,,67.0,,54.223556414582916,5.340583058146392,4.0,4.255626639269787,Seam 5floor ,,370.42249100239724,2.023064948337596,,5.2285759567426435,54.223556414582916,3632.9782797770554,50.3040959730922,6.145623453878926,3.560388705430928,1.780194352715464,0.7046136626319932,3.918086504666964,,5.914644221777393,3.9931154342208575,8.197808053611825,4.204692619390966,1.675334833930446,Synthetic,C
,,67.0,,92.88412171955598,6.637596690977819,5.0,4.794072744477616,Seam Top -5,,302.1026956262804,4.220864691494613,,13.651000721587806,92.88412171955598,6223.23615521025,31.346124991354607,3.829538672917085,4.425064460651879,2.2125322303259396,1.440040010255903,3.4450906546977547,,5.71076701131303,4.531352713230552,8.736045332621519,4.204692619390966,1.8927499538409098,Synthetic,C
,,109.0,,20.0,3.8605910320348373,5.0,4.405681158702356,Seam 4Floor ,,355.6776384753189,1.154239953572068,,2.87847582340739,20.0,2180.0,79.53193777074077,7.61777805113884,2.5737273546898916,1.2868636773449458,0.14344207850922494,4.376158673952497,,5.874024810729492,2.995732273553991,7.687080155783135,4.6913478822291435,1.3508202888629826,Synthetic,C
,,113.0,,44.51912843099993,6.28000895834814,4.0,5.069149058399955,Seam Top -5,,456.4715781876294,0.9866506577302753,,8.848702604622419,44.51912843099993,5030.661512702992,68.41328036952868,6.435780051819353,4.186672638898759,2.0933363194493797,-0.013439245737141517,4.225566963231636,,6.12352643782871,3.7959189491941467,8.523306767906487,4.727387818712341,1.8373714069676472,Synthetic,C
,,66.0,,77.19677150593704,5.477690113440747,5.0,4.74788951803892,Seam Top -5,,275.51392426063927,4.01390312586562,,28.501688092040855,77.19677150593704,5094.986919391845,31.357684321102685,3.8598641167437746,3.651793408960498,1.825896704480249,1.3897641160185454,3.4454593509541946,,5.618638169096681,4.346357636284973,8.5360123783114,4.189654742026425,1.700683499952859,Synthetic,C
,,42.0,,33.23611076666071,6.034418622571762,3.0,4.908586344698353,Seam-3,,191.3436004609133,4.143008678589111,,26.291868141246827,33.23611076666071,1395.9166521997497,33.19012154735037,5.121346940405172,4.022945748381174,2.011472874190587,1.421422257852692,3.5022522878930102,,5.2540707671573,3.5036369585285785,7.241306576811947,3.7376696182833684,1.797479515621023,Synthetic,C
,,157.0,,32.883082373022965,6.011592157855833,5.0,3.772291154344232,Seam 4Floor ,,599.8727136142599,0.7346192857097695,,7.948456524604359,32.883082373022965,5162.643932564605,104.60991457680612,8.348780080902728,4.007728105237222,2.003864052618611,-0.30840289259273573,4.65023833276807,,6.396717488734196,3.4929583119322527,8.54920411728056,5.056245805348308,1.7936896315749606,Synthetic,C
,,114.0,,37.947050630782684,5.404152111003816,5.0,3.408112024590736,Seam 4Floor ,,394.4779260011049,1.358701602001448,,11.698763285141741,37.947050630782684,4325.963771909226,64.03740031251688,5.997652054328045,3.602768074002544,1.801384037001272,0.30652953931673843,4.159467292559317,,5.977563184350601,3.63619178358257,8.372390231977064,4.736198448394496,1.687167567555957,Synthetic,C
,,158.0,,32.911630464958776,6.128932935576035,5.0,4.628342902951051,Seam 4Floor ,,508.57441730005644,1.0380918735407187,,9.510978732683213,32.911630464958776,5200.037613463486,88.65021865810941,7.052632719723016,4.085955290384023,2.0429776451920114,0.037384290981739274,4.4846984990497125,,6.231611551487089,3.493826104874754,8.55642113790172,5.062595033026967,1.8130206622959129,Synthetic,C
,,119.0,,30.8828585095942,2.6333217265222717,3.0,3.7159877833537043,Seam 5 Floor ,,477.34689685667666,0.8157135016777634,,2.6109186046153843,30.8828585095942,3675.0601626417097,85.89647817795031,7.87411724457436,1.7555478176815145,0.8777739088407572,-0.20369208655347046,4.453142829057178,,6.168243473651312,3.4302012891882674,8.209324782299797,4.77912349311153,0.9682460631453821,Synthetic,C
,,104.0,,20.0,2.5,5.0,3.5838196428515445,Seam 4Floor ,,377.7821055154483,0.7094246417951918,,2.0,20.0,2080.0,84.47464686155405,8.283420629825455,1.6666666666666665,0.8333333333333333,-0.3433010011376513,4.436451452201608,,5.934317588978603,2.995732273553991,7.640123172695364,4.6443908991413725,0.9162907318741551,Synthetic,C
,,48.0,,39.87681856753115,6.499159953476375,4.0,3.2353258397433207,Seam 5floor ,,526.4197414957604,0.9262273729607527,,2.0,39.87681856753115,1914.0872912414952,83.36272764694337,12.032373311836054,4.332773302317583,2.1663866511587915,-0.0766355313225835,4.423201298762234,,6.266098882149383,3.6857951667742994,7.55699617768219,3.871201010907891,1.8716729306229394,Synthetic,C
,,91.0,,83.46163631295487,7.0403953218646445,5.0,3.6820160662054366,Seam Top -5,,249.24776369697912,4.962215583739874,,12.125465498515204,83.46163631295487,7595.008904478893,27.282729861632216,2.860007201832933,4.693596881243096,2.346798440621548,1.601852331270573,3.306253896210419,,5.518447436673229,4.42438708092562,8.935246587442471,4.51085950651685,1.9516643222673475,Synthetic,C
,,114.0,,20.0,2.87293749606092,5.0,4.3507484340594935,Seam 4Floor ,,419.9130221014264,0.9447740039902308,,15.345474407898323,20.0,2280.0,93.8954062056161,8.794110522487978,1.9152916640406135,0.9576458320203067,-0.056809529305815176,4.542181462819576,,6.040047599596571,2.995732273553991,7.731930721948486,4.736198448394496,1.055335024125591,Synthetic,C
,,83.0,,33.050276199134984,6.180783018221721,3.0,4.396804343518106,Seam 5 Floor ,,450.6323796530487,1.131615621911485,,6.911297744692473,33.050276199134984,2743.1729245282036,78.3853402098869,8.603908862178356,4.120522012147814,2.060261006073907,0.1236463655032943,4.361636922753302,,6.110651884389001,3.4980299232713987,7.916870531067996,4.418840607796598,1.8214449654212066,Synthetic,C
,,61.0,,20.0,6.330399149595283,3.0,5.596519292297354,Seam-3,,273.40756242645585,1.6747202895141136,,6.247122237152947,20.0,1220.0,61.13578951480726,7.827635741710179,4.220266099730188,2.110133049865094,0.5156461599975668,4.113097447797663,,5.610963584574659,2.995732273553991,7.106606137727303,4.110873864173311,1.8453632909761895,Synthetic,C
,,83.0,,37.91815803666482,4.168437410752919,7.0,3.9254803419149087,Seam 3 floor ,,474.36394425770857,1.2475167759849877,,3.17975927499148,37.91815803666482,3147.20711704318,77.03499440107251,8.455689153743664,2.778958273835279,1.3894791369176396,0.22115499623647425,4.344259791353428,,6.161974841965703,3.6354301012245505,8.05427070902115,4.418840607796598,1.4275412439430257,Synthetic,C
,,132.0,,24.111849011142763,3.9315631538849054,5.0,3.8390037363532024,Seam 4Floor ,,414.80011384841464,0.8883539583077382,,11.413417468093613,24.111849011142763,3182.764069470845,84.47410695854023,7.352527264146794,2.6210421025899366,1.3105210512949683,-0.1183850137126163,4.436445060878776,,6.027796750821137,3.182703379884721,8.065505302471092,4.882801922586371,1.369037095880102,Synthetic,C
,,61.0,,45.97003746483146,6.715624173910814,4.0,3.7461384433484293,Seam 5floor ,,442.22046855889346,1.3172869301542274,,3.22696047941868,45.97003746483146,2804.172285354719,65.223096236582,8.350961741694968,4.477082782607209,2.2385413913036043,0.2755742655117401,4.177813642962972,,6.091808555364059,3.8279898248021738,7.938863688975485,4.110873864173311,1.9044367778387075,Synthetic,C
,,167.0,,33.132537610848836,7.511995917856412,5.0,3.7917211850808985,Seam 4Floor ,,554.6868064093374,0.9420746957193155,,8.017371843002543,33.132537610848836,5533.133781011756,96.36525749404449,7.456967505802596,5.007997278570941,2.5039986392854705,-0.05967071273063573,4.568145737217641,,6.318403641686084,3.5005158089368855,8.61850962135364,5.117993812416755,2.0165011984894683,Synthetic,C
,,87.0,,42.67364408172031,5.545708773396465,3.0,5.559895175370094,Seam Top -3,,380.61630216863045,1.274125808727347,,3.2556749038941057,42.67364408172031,3712.6070351096673,58.26496907348005,6.246660368561441,3.6971391822643103,1.8485695911321551,0.24226030323779693,4.065001039234389,,5.941791786757758,3.753581495046737,8.21948961370132,4.465908118654584,1.7130244347070882,Synthetic,C
,,36.0,,31.727067090757988,5.1503453218169195,3.0,4.986742375635521,Seam-3,,280.004002949452,2.108904585107174,,12.760009777111163,31.727067090757988,1142.1744152672875,49.710631082748556,8.285105180458093,3.433563547877946,1.716781773938973,0.7461686587032472,3.9062188153136366,,5.634803899315102,3.4571701680029316,7.040689106459042,3.58351893845611,1.639063765207692,Synthetic,C
,,76.0,,44.8519631741627,6.537840958069319,4.0,4.189035398000701,Seam 5floor ,,470.51249046351734,1.0764571828174374,,9.579032996841114,44.8519631741627,3408.749201236365,70.25551609894279,8.058860392147015,4.358560638712879,2.1792803193564394,0.07367526259320509,4.2521388261126365,,6.15382250588564,3.803367359546008,8.134100699832338,4.330733340286331,1.8776069822290422,Synthetic,C
,,37.0,,38.47313776209773,5.429888225159381,3.0,4.778996584019798,Seam-3,,453.15711276288886,1.3537255814388727,,8.019344426603014,38.47313776209773,1423.5060971976159,73.05837316348267,12.010722562253441,3.6199254834395873,1.8099627417197937,0.3028604814520975,4.291258753989227,,6.116238892643498,3.6499602773085416,7.2608781899527655,3.6109179126442243,1.6919185490487796,Synthetic,C
,,166.0,,38.41706982950129,6.7395281498199955,5.0,4.660423953110354,Seam 4Floor ,,487.8544585204857,1.0340900342753767,,5.8157488299137885,38.41706982950129,6377.233591697213,78.70968237934794,6.10905613569094,4.493018766546664,2.246509383273332,0.03352184606282585,4.365766176818405,,6.190017120633825,3.6485018876308386,8.760489675987381,5.111987788356544,1.9079899150284756,Synthetic,C
,,64.0,,29.488332708332035,2.5,3.0,4.047630560282631,Seam-3,,327.32463855492443,1.5085447237322203,,32.785120697426755,29.488332708332035,1887.2532933332502,60.27727186517742,7.534658983147177,1.6666666666666665,0.8333333333333333,0.4111454269946737,4.098955115023076,,5.79095245687407,3.383994683701989,7.542877767061661,4.1588830833596715,0.9162907318741551,Synthetic,C
,,125.0,,57.3207579166636,4.252682759957964,7.0,3.3897379126409772,Seam 3 floor ,,465.5386566019316,1.8706307165066334,,6.173656304875184,57.3207579166636,7165.09473958295,61.48933368415015,5.499773200357092,2.835121839971976,1.417560919985988,0.6262756555542076,4.118863723740626,,6.143195136452754,4.048662825424257,8.876976562726558,4.8283137373023015,1.4475500214268175,Synthetic,C
,,76.0,,44.25686955602656,5.368352406063789,3.0,5.189855262117279,Seam Top -3,,491.1746723339258,0.938955053314462,,2.0,44.25686955602656,3363.5220862580186,73.83216751744888,8.469130447134894,3.5789016040425254,1.7894508020212627,-0.06298766746428261,4.301794510861027,,6.196799812665425,3.790010603608794,8.120743943895125,4.330733340286331,1.68052104693031,Synthetic,C
,,52.0,,44.85771165071815,4.941722266358262,3.0,5.875305375615468,Seam-3,,446.18858611419984,1.3550320015770605,,8.312395869308457,44.85771165071815,2332.601005837344,66.61927452963216,9.238431163492342,3.294481510905508,1.647240755452754,0.3038250714528225,4.198993943027948,,6.100741701469998,3.8034955168840994,7.754739235465527,3.9512437185814275,1.5977139073547317,Synthetic,C
,,55.0,,56.46297945013666,6.627333155374047,4.0,3.8874499001206146,Seam 5floor ,,557.7825372473651,1.0932746481130162,,6.342366626398912,56.46297945013666,3105.463869757516,74.23060801191558,10.009253142439263,4.418222103582698,2.209111051791349,0.08917745678097354,4.307176572014886,,6.3239691682267525,4.033585192423734,8.040918377656206,4.007333185232471,1.8912024842695219,Synthetic,C
,,198.0,,23.458186229014032,7.536934096455233,5.0,3.5788145971363283,Seam 4Floor ,,556.8290205157557,0.6621333369961296,,7.576292973188201,23.458186229014032,4644.720873344779,114.96738326979766,8.170376156883627,5.0246227309701545,2.5123113654850773,-0.4122883279244791,4.74464846439354,,6.322258227841159,3.1552195268952388,8.443486557589774,5.288267030694535,2.019815480820879,Synthetic,C
,,102.0,,26.127779689050328,4.610573704883552,3.0,4.500331352579172,Seam 5 Floor ,,511.7590913317259,0.9690887869124711,,6.07224184260118,26.127779689050328,2665.0335282831334,100.11849529769519,9.91320821255346,3.073715803255701,1.5368579016278505,-0.0313990439282497,4.606354437462375,,6.2378539895652825,3.262999104205815,7.887971917490086,4.624972813284271,1.5283522971795604,Synthetic,C
,,101.0,,31.508384319764403,6.553376864566152,4.0,4.66184922100745,Seam 4 Floor ,,394.90967920390904,1.0960051763558403,,9.735221538055278,31.508384319764403,3182.346816296205,70.35333855974952,7.000418832238524,4.368917909710768,2.184458954855384,0.0916719114670797,4.253530238862942,,5.978657078511114,3.4502536792963445,8.065374196137604,4.61512051684126,1.8799804686381292,Synthetic,C
,,165.0,,21.68086063896842,7.285011808361243,5.0,4.645106905997122,Seam 4Floor ,,463.1856511418805,0.6040562423407687,,4.27933192749473,21.68086063896842,3577.342005429789,99.47566202986896,7.744169786002148,4.856674538907495,2.4283372694537473,-0.5040879689241641,4.599913011529539,,6.138127948105998,3.0764298731529176,8.182375347053497,5.105945473900581,1.9858190605602324,Synthetic,C
,,66.0,,56.36141570154699,6.129251604753485,4.0,3.354824457627829,Seam 5floor ,,560.3077688897494,0.9725421876868051,,4.202720543861325,56.36141570154699,3719.8534363021013,74.6338245952375,9.186788746917777,4.086167736502323,2.0430838682511614,-0.02784182377563663,4.312593817253982,,6.328486220064527,4.031784805621091,8.221439547647515,4.189654742026425,1.813072655178949,Synthetic,C
,,77.0,,87.2489424414987,5.289229438112953,5.0,5.605834243005463,Seam Top -5,,295.4173028696505,3.5783333597949416,,11.721610193274415,87.2489424414987,6718.1685679954,31.626843023009837,3.604213262500679,3.526152958741968,1.763076479370984,1.274897150057588,3.4540062227570476,,5.688388942754415,4.468765439994735,8.81257086184842,4.343805421853684,1.665672571387408,Synthetic,C
,,116.0,,29.600264280872146,3.9926230792703397,5.0,3.225771271615864,Seam 4Floor ,,491.26636867135596,0.864468862136847,,8.783464064479446,29.600264280872146,3433.6306565811688,90.2961512979941,8.383787175683628,2.6617487195135596,1.3308743597567798,-0.14563999285697998,4.503094838229955,,6.1969864830789545,3.3877832896979996,8.141373480804363,4.7535901911063645,1.3844484282512404,Synthetic,C
,,64.0,,89.06887469711378,4.238667090561539,5.0,4.855913926922566,Seam Top -5,,328.67195191958,3.30729219285462,,9.058603941876457,89.06887469711378,5700.407980615282,34.82568450277679,4.3532105628470985,2.8257780603743594,1.4128890301871797,1.196129785964247,3.5503551749723954,,5.795060146696447,4.489409943448103,8.648293026807776,4.1588830833596715,1.444248854387096,Synthetic,C
,,78.0,,31.860883777730503,3.1613063696298562,3.0,5.206391376411963,Seam Top -3,,425.72951634402017,1.4183991313275195,,6.785605331688408,31.860883777730503,2485.148934662979,75.42318225304149,8.539993710722113,2.107537579753237,1.0537687898766186,0.3495288633464267,4.323114684695602,,6.053804206451195,3.4613790435111866,7.818087870200778,4.356708826689592,1.1509853502799459,Synthetic,C
,,30.0,,43.444356817055805,5.266409637693006,3.0,5.093006689099547,Seam-3,,465.0528710812473,1.522851727048091,,6.062891981690038,43.444356817055805,1303.3307045116742,70.55627494318642,12.88175445330658,3.510939758462004,1.755469879231002,0.420584713328654,4.256410617549656,,6.142151100373853,3.7714809656483967,7.172678347310552,3.4011973816621555,1.6613488472042255,Synthetic,C
,,111.0,,57.00578424429864,4.124023693534507,4.0,5.5302961679911835,Seam Top -5,,492.44863591805955,1.630497647666894,,8.592010231924814,57.00578424429864,6327.642051117149,65.22310597635294,6.1907032545268,2.7493491290230048,1.3746745645115024,0.4888852735395993,4.177813792293053,,6.199390162621134,4.0431527406561605,8.752682941968494,4.709530201312334,1.4168293114181578,Synthetic,C
,,148.0,,30.879933789154464,4.947865806057447,5.0,3.086669991495388,Seam 4Floor ,,525.3242760985585,1.125291228848959,,12.826017392960546,30.879933789154464,4570.230200794861,94.53427339370984,7.770669405786839,3.2985772040382977,1.6492886020191488,0.11804187224326723,4.54896245016161,,6.264015740671948,3.4301065810206777,8.427318854784792,4.997212273764115,1.598956333317163,Synthetic,C
,,54.0,,87.42113159323806,5.695921149191742,5.0,5.070503739849518,Seam Top -5,,424.7102778350647,2.5341863837857836,,28.95221766051341,87.42113159323806,4720.741106034855,45.4239146338236,6.181411831811647,3.7972807661278276,1.8986403830639138,0.929872632384961,3.816038720410066,,6.0514072372502445,4.470737033680356,8.45972108024463,3.9889840465642745,1.7397503308242048,Synthetic,C
,,160.0,,20.0,5.42286692020329,5.0,4.5998210163919735,Seam 4Floor ,,476.3142588882269,0.7994964840030981,,10.04130053816643,20.0,3200.0,106.50710615265088,8.42012606089275,3.6152446134688603,1.8076223067344301,-0.223773144462516,4.6682117073615395,,6.1660778441385355,2.995732273553991,8.070906088787819,5.075173815233827,1.6906246276727501,Synthetic,C
,,88.0,,43.812023227648965,4.381754797162306,3.0,4.029647113536048,Seam 5 Floor ,,504.9670766895329,1.2229135437999616,,16.890752050501057,43.812023227648965,3855.4580440331088,76.28978814753393,8.132518741835996,2.9211698647748703,1.4605849323874351,0.20123616230106217,4.334539091162038,,6.224493232475902,3.7799082826277286,8.257245097105935,4.477336814478207,1.4774492827756625,Synthetic,C
,,64.0,,52.29412258273602,6.890296112614798,4.0,3.428830160116649,Seam 5floor ,,524.9507371237398,1.2805400463756318,,6.767533502604136,52.29412258273602,3346.8238452951055,72.59255956284883,9.074069945356104,4.593530741743198,2.296765370871599,0.2472819001829715,4.284862431218558,,6.263304424138915,3.956883985840713,8.115767069200384,4.1588830833596715,1.930114061259521,Synthetic,C
,,36.0,,21.132929103560684,3.1907846490911447,3.0,5.503753697413327,Seam-3,,354.07826789589694,1.1364600784661072,,24.795890890019955,21.132929103560684,760.7854477281846,77.02282156846402,12.837136928077337,2.127189766060763,1.0635948830303814,0.12791823695888513,4.344101761946647,,5.869517984446832,3.05083244500037,6.6343513834564805,3.58351893845611,1.1602668580526492,Synthetic,C
,,39.0,,20.0,2.5,3.0,4.675844864928152,Seam-3,,248.4497790289899,1.5817647874623073,,25.331544215119997,20.0,780.0,55.555059490362304,8.895929110723502,1.6666666666666665,0.8333333333333333,0.45854117779983383,4.0173745918726285,,5.515240728649625,2.995732273553991,6.659293919683638,3.6635616461296463,0.9162907318741551,Synthetic,C
,,100.0,,20.0,5.583552858227421,3.0,3.587838493968561,Seam 5 Floor ,,490.28537958181073,0.522045149567978,,18.644282480217345,20.0,2000.0,109.63114371192161,10.963114371192162,3.7223685721516135,1.8611842860758068,-0.6500012014145937,4.697121492104179,,6.194987628881175,2.995732273553991,7.600902459542082,4.605170185988092,1.719825286721516,Synthetic,C
,,169.0,,40.161353002982544,4.856914210764647,5.0,3.5249321235582465,Seam 4Floor ,,480.6136264981375,1.0696019121252591,,4.076203094188665,40.161353002982544,6787.26865750405,75.83888026748176,5.83376002057552,3.2379428071764313,1.6189714035882157,0.06728653450525042,4.328611093432204,,6.175063675996843,3.6929051651292784,8.822803880052351,5.1298987149230735,1.5804033001984832,Synthetic,C
,,99.0,,38.959931356912655,4.6775068070176795,3.0,3.900657443525519,Seam 5 Floor ,,435.7515203970212,1.3377632176452159,,4.341186030554448,38.959931356912655,3857.033204334353,69.81195813640657,7.016365788438163,3.1183378713451195,1.5591689356725598,0.2909989786652051,4.245805315100555,,6.077072173543834,3.662533716886557,8.257653567021146,4.59511985013459,1.5427652344333929,Synthetic,C
,,46.0,,27.613328445049696,3.7679312199906363,3.0,5.091530110186436,Seam-3,,311.07361463276436,1.5631944463713163,,14.281825269671696,27.613328445049696,1270.213108472286,59.197558634187004,8.728203844618752,2.511954146660424,1.255977073330212,0.44673144956933614,4.080880301752216,,5.740029587168741,3.318298570833052,7.146939967322147,3.828641396489095,1.3265261028295314,Synthetic,C
,,63.0,,48.994080251062385,6.201854324584431,4.0,3.3654499726484604,Seam 5floor ,,531.7443170992052,0.9040719695373203,,5.13623351935292,48.994080251062385,3086.6270558169304,75.96806290644831,9.57107628732252,4.134569549722954,2.067284774861477,-0.10084630943880857,4.330313027051944,,6.276162766856722,3.891699479609557,8.03483420600109,4.143134726391533,1.8248483319445516,Synthetic,C
,,83.0,,44.27101696792922,4.745098076885922,3.0,4.468177061635028,Seam Top -3,,453.4850751603368,1.2349769175842937,,3.675166167628827,44.27101696792922,3674.494408338125,68.15586737590408,7.481078346471591,3.163398717923948,1.581699358961974,0.2110522796901295,4.221797249460849,,6.116962358672591,3.7903302184234833,8.209170826220081,4.418840607796598,1.5571121013711293,Synthetic,C
,,35.0,,32.06184234516625,5.8657903292210944,3.0,4.652758562068891,Seam-3,,407.9234029977724,1.1329450013490991,,4.878520109345651,32.06184234516625,1122.1644820808187,72.04177171493912,12.17728197661226,3.9105268861473963,1.9552634430736981,0.12482043836905547,4.277246113494224,,6.0110794190286665,3.4676666110688865,7.0230146725583005,3.5553480614894135,1.7691372265173855,Synthetic,C
,,142.0,,32.7615746134824,4.076551576955383,5.0,3.5225056760566797,Seam 4Floor ,,383.45701675144767,1.2865990373767116,,8.195817911154325,32.7615746134824,4652.143595114501,66.99375268700464,5.621990837727303,2.717701051303589,1.3588505256517944,0.25200233180290177,4.20459937156598,,5.949227533043177,3.489256322954393,8.445083380555653,4.955827057601261,1.4052514293050804,Synthetic,C
,,100.0,,33.36051519017569,4.53028853440667,3.0,5.018379113274715,Seam Top -3,,451.43301851458,1.1295799735027103,,4.065168834716759,33.36051519017569,3336.051519017569,78.15863147114494,7.815863147114495,3.020192356271113,1.5100961781355564,0.12184585876001423,4.35874049825607,,6.112427008617015,3.507373020721889,8.112543206709981,4.605170185988092,1.5107856315960655,Synthetic,C
,,112.0,,44.18031370875116,5.376848287347007,4.0,5.180610798200441,Seam Top -5,,396.6642551548447,1.7006282259213072,,5.8232140669507855,44.18031370875116,4948.19513538013,59.677231673158474,5.638968354998727,3.5845655248980046,1.7922827624490023,0.5309977274569526,4.088950568646015,,5.983090217977417,3.7882792986628036,8.506778169957899,4.718498871295094,1.6821023823182741,Synthetic,C
,,74.0,,37.17182756788518,4.747922613574312,3.0,5.111936905133296,Seam Top -3,,382.4875409583943,1.3107362896365204,,2.0,37.17182756788518,2750.7152400235036,62.735062672684656,7.292802902145107,3.1652817423828745,1.5826408711914373,0.2705890324779933,4.138920504617854,,5.946696080078297,3.6155511509208877,7.9196162441250575,4.30406509320417,1.5577071778728755,Synthetic,C
,,88.0,,57.25229345573636,6.500457168027472,3.0,5.1126659443739015,Seam Top -3,,487.3054433427482,1.588929873083787,,3.648889375205612,57.25229345573636,5038.201824104799,64.40281022574719,6.8653626377218675,4.333638112018314,2.166819056009157,0.4630607538455136,4.165157269204003,,6.188891120201085,4.047467701994162,8.524804516472367,4.477336814478207,1.8718725079709917,Synthetic,C
,,85.0,,81.95755181214827,7.295254784886465,5.0,5.835495857644306,Seam Top -5,,417.41345530612875,2.5896307761968327,,30.477038567606375,81.95755181214827,6966.391904032603,46.10754045224721,5.0010649295990985,4.86350318992431,2.431751594962155,0.9515153080962065,3.8309765039207972,,6.0340772301228816,4.4062014524041695,8.848852708894487,4.442651256490317,1.9872241073259846,Synthetic,C
,,82.0,,22.187423371198985,5.22538545170508,4.0,4.711841799813578,Seam 4 Floor ,,376.07385703926934,1.0686698839308209,,3.0634564850299606,22.187423371198985,1819.3687164383168,79.83984939192118,8.816836409935766,3.4835903011367195,1.7417951505683598,0.06641477605510118,4.380022745627697,,5.929785552396312,3.0995256135372307,7.506244860801483,4.406719247264253,1.6535285657912127,Synthetic,C
,,185.0,,35.46869710033882,6.640180270401078,5.0,4.391982123944624,Seam 4Floor ,,556.9025406739257,0.9014530692390003,,7.613816143902513,35.46869710033882,6561.708963562682,93.50968229799876,6.874968573283518,4.426786846934052,2.213393423467026,-0.10374729621964723,4.538064984922589,,6.322390252757825,3.5686505356704723,8.789006360748797,5.220355825078325,1.8931391122765997,Synthetic,C
,,74.0,,35.418548382579864,4.614854856882188,4.0,4.792692125111514,Seam Top -5,,505.4546291101172,1.079107511146342,,10.73648150438287,35.418548382579864,2620.97258031091,84.93110986368565,9.873040977545358,3.076569904588125,1.5382849522940625,0.07613432092892905,4.441840455688231,,6.225458279951871,3.5672356485272805,7.87130074173145,4.30406509320417,1.5292804171638603,Synthetic,C
,,81.0,,93.92662800494476,5.642126031154108,5.0,5.472003071330746,Seam Top -5,,266.90719214900577,3.718941685591972,,9.537215828634697,93.92662800494476,7608.056868400526,27.540125239994044,3.0600139155548933,3.7614173541027385,1.8807086770513692,1.3134391346887728,3.3156440408571277,,5.586901003027579,4.542513924340904,8.936963079013342,4.394449154672439,1.730260950358338,Synthetic,C
,,122.0,,20.0,5.257948517710033,4.0,4.268823738103339,Seam 4 Floor ,,403.91322481919923,0.999741632554931,,4.553443449770331,20.0,2440.0,90.31774277068847,8.176984222620565,3.5052990118066885,1.7526495059033442,-0.00025840082768746625,4.503333928061981,,6.001200064838976,2.995732273553991,7.799753318287248,4.804021044733257,1.6597409350292556,Synthetic,C
,,78.0,,42.70150073402692,5.8554235660579526,3.0,5.2057241637942955,Seam Top -3,,437.1212293871749,1.1376827539973373,,3.880726824879204,42.70150073402692,3330.7170572541,66.89294706924181,7.574134771275256,3.9036157107053016,1.9518078553526508,0.1289935217928762,4.203093536602616,,6.080210569409076,3.7542340656129194,8.11094289230251,4.356708826689592,1.7673683370561284,Synthetic,C
,,98.0,,26.105053651221766,4.96742598416927,4.0,3.8143165659088085,Seam 4 Floor ,,454.92424338350435,0.77592911631867,,9.56505531655483,26.105053651221766,2558.2952578197333,89.03828501961934,8.994225017513346,3.3116173227795134,1.6558086613897567,-0.2536941079212898,4.489066445995851,,6.120130907030378,3.2621289220690524,7.847096400739624,4.584967478670572,1.602901795316577,Synthetic,C
,,70.0,,40.778094207774984,6.343480188337978,4.0,4.0831170659940605,Seam 5floor ,,526.9733713196713,1.0010835567627998,,13.682339436813502,40.778094207774984,2854.466594544249,82.52303802811653,9.8633895980395,4.228986792225318,2.114493396112659,0.0010829701388926636,4.413077503183594,,6.267150018459561,3.708145030551935,7.956640272601295,4.248495242049359,1.847427543449945,Synthetic,C
,,118.0,,36.23246893967534,4.500568097252771,3.0,3.512309882415331,Seam 5 Floor ,,402.25057940558037,0.8567492579736795,,13.500964305101272,36.23246893967534,4275.43133488169,66.82634585743965,6.151863780325371,3.000378731501847,1.5001893657509235,-0.15460998432212772,4.2020974018512005,,5.997075226283091,3.5899556488637794,8.360640273329444,4.770684624465665,1.504203632642141,Synthetic,C
,,156.0,,24.229040692097755,5.859640936216392,5.0,4.468017827241954,Seam 4Floor ,,537.7968853945998,0.6736753440655228,,5.931308446948028,24.229040692097755,3779.7303479672496,109.25722683247238,8.747579011273716,3.906427290810928,1.953213645405464,-0.39500696948021735,4.693704981284233,,6.287480952435695,3.1875519423029255,8.237407949552463,5.049856007249537,1.768088328028403,Synthetic,C
,,58.0,,87.38836888759454,7.337266360595518,5.0,5.437938230999392,Seam Top -5,,258.3898798665693,5.193294387422894,,12.797319355554142,87.38836888759454,5068.525395480483,27.640677472463164,3.629398760735231,4.891510907063679,2.4457554535318393,1.6473682525338367,3.319288509180246,,5.554469606538434,4.470362194716374,8.530805205262794,4.060443010546419,1.9929663428204072,Synthetic,C
,,74.0,,36.97452700477067,6.407757753867449,3.0,4.766686306220453,Seam Top -3,,376.1667286183031,1.0703052132073012,,5.519366803312659,36.97452700477067,2736.1149983530295,61.862727895378946,7.1913960440892035,4.271838502578299,2.1359192512891494,0.06794385378704462,4.1249178641730815,,5.930032472281456,3.61022921621675,7.914294309420919,4.30406509320417,1.8575094053478982,Synthetic,C
,,47.0,,87.41255256360785,5.884485745237623,5.0,6.0,Seam Top -5,,254.70868978090874,5.37828324371678,,6.494221228829028,87.41255256360785,4108.389970489568,27.2431210833967,3.9738176252057715,3.922990496825082,1.961495248412541,1.6823692235696606,3.30480105193505,,5.5401204991140895,4.470638894358079,8.320786496068138,3.8501476017100584,1.7723193529072272,Synthetic,C
,,103.0,,44.576283679369624,4.2232669595200045,3.0,3.8570608519032623,Seam 5 Floor ,,427.5035384345754,1.2297328672705201,,3.4637141451630455,44.576283679369624,4591.357218975071,64.03063140863897,6.309125582627815,2.8155113063466697,1.4077556531733348,0.20679696471622203,4.159361584619665,,6.057962565382502,3.7972019615256745,8.43193094975531,4.634728988229636,1.4406089895635412,Synthetic,C
,,37.0,,46.731645809259206,3.7945013449574665,3.0,4.193990549663736,Seam-3,,317.3794196376507,2.2433901703632553,,9.7142018429047,46.731645809259206,1729.0708949425907,46.42727815257984,7.632597511628265,2.5296675633049777,1.2648337816524888,0.8079881906393099,3.837887177711258,,5.7600979655289875,3.844421575635458,7.455339488279683,3.6109179126442243,1.3335530043109616,Synthetic,C
,,77.0,,53.16333168464976,4.996592810208632,3.0,4.61044101481866,Seam Top -3,,443.114445630031,1.3576084057150062,,2.0,53.16333168464976,4093.5765397180317,60.77287938033401,6.925712367294909,3.3310618734724216,1.6655309367362108,0.30572462651786175,4.107143626633052,,6.093828078960494,3.973368904654886,8.317174326508571,4.343805421853684,1.6087562421914505,Synthetic,C
,,74.0,,41.30194175935319,7.5626426045967925,4.0,3.4779294888210748,Seam 5floor ,,476.38503875526237,1.231328660325851,,5.362891869197627,41.30194175935319,3056.3436901921364,74.12639485741344,8.617018370766301,5.041761736397861,2.5208808681989305,0.20809379802256914,4.3057716747787955,,6.166226432192166,3.7209095148267397,8.02497460803091,4.30406509320417,2.02322067998536,Synthetic,C
,,98.0,,57.260946214401656,3.8970117283776613,7.0,4.189801050893127,Seam 3 floor ,,499.0927406425732,1.5461189836311426,,3.567795133596917,57.260946214401656,5611.572729011363,65.95564820684785,6.662526586373782,2.5980078189184406,1.2990039094592203,0.43574790944902964,4.188982519269385,,6.21279193147412,4.047618824409468,8.632586303080041,4.584967478670572,1.360210035943437,Synthetic,C
,,115.0,,50.89889701540643,4.583007426515024,7.0,3.382318486663774,Seam 3 floor ,,459.556236061497,1.515124932767164,,5.005366171893445,50.89889701540643,5853.37315677174,64.41462430429694,6.006694688475028,3.0553382843433488,1.5276691421716744,0.4154978994340898,4.165340692800754,,6.1302613196424085,3.9298412536833065,8.674773382046556,4.74493212836325,1.5223554259740755,Synthetic,C
,,44.0,,45.36471762802407,4.882002140864588,4.0,3.7303929920968772,Seam 5floor ,,390.14894940514336,1.592022701220598,,9.784860354215962,45.36471762802407,1996.0475756330588,57.92570601535298,8.732628753152666,3.2546680939097254,1.6273340469548627,0.4650053468812019,4.059161258683575,,5.966528587761871,3.814734658156592,7.5989242920748525,3.784189633918261,1.58555541049271,Synthetic,C
,,118.0,,49.38110921904665,3.6521800562131186,7.0,4.157276085268385,Seam 3 floor ,,455.15613246136826,1.2586979558374423,,5.741422142222143,49.38110921904665,5826.970887847505,64.7709069073406,5.962645287715295,2.4347867041420788,1.2173933520710394,0.23007781828718396,4.170856535062842,,6.120640508355793,3.899567946585901,8.670252571051567,4.770684624465665,1.2953242649711032,Synthetic,C
,,75.0,,100.0,6.3699722446421205,5.0,5.069322947355901,Seam Top -5,,219.72885248934074,6.120141095901397,,12.675226864365333,100.0,7500.0,21.972885248934073,2.537210242668969,4.246648163094747,2.1233240815473735,1.8115851511443242,3.0898092045346823,,5.392394297528728,4.605170185988092,8.922658299524402,4.31748811353631,1.8515951123755403,Synthetic,C
,,99.0,,35.92670884445171,6.084689918438443,4.0,4.49367809382911,Seam 4 Floor ,,460.85563923990793,1.1841097328419465,,9.856169803197847,35.92670884445171,3556.7441756007192,76.8875794647953,7.727492488586692,4.056459945625628,2.028229972812814,0.16899121193246738,4.3423443480542945,,6.1330848469708785,3.5814809978331663,8.176600847967755,4.59511985013459,1.8057757667907728,Synthetic,C
,,162.0,,40.95917134757678,6.659733867528449,5.0,4.063000259522034,Seam 4Floor ,,562.2877199593967,0.9872923036673359,,10.276120710101898,40.95917134757678,6635.385758307438,87.8583449692256,6.902803501285157,4.439822578352299,2.2199112891761494,-0.012789129728515144,4.475725801234151,,6.332013676111428,3.712575749754556,8.80017208498694,5.087596335232384,1.8960795239233195,Synthetic,C
,,41.0,,43.63759227591499,5.517862492353069,4.0,3.814749951246173,Seam 5floor ,,440.5510205486992,1.4230998938361024,,3.062541630184439,43.63759227591499,1789.1412833125146,66.69078379109631,10.415350587955185,3.6785749949020454,1.8392874974510227,0.35283751610702635,4.200066769328132,,6.08802626284325,3.775918987030236,7.489491053734544,3.713572066704308,1.707990555650061,Synthetic,C
,,162.0,,35.3164860660365,4.600009160941068,5.0,3.198123972166835,Seam 4Floor ,,546.742267455674,0.6624993593862355,,8.621523932047312,35.3164860660365,5721.270742697912,92.00128787325734,7.228303837008438,3.0666727739607116,1.5333363869803558,-0.4117356880864001,4.521802575573423,,6.303977516714616,3.5643498822823867,8.651946217514771,5.087596335232384,1.5260582950019939,Synthetic,C
,,102.0,,54.24453283630187,4.897672184257816,7.0,3.8015808896276777,Seam 3 floor ,,493.71324978913725,1.2936822542931967,,4.625075244085778,54.24453283630187,5532.942349302791,67.0342563526459,6.637380422284085,3.2651147895052106,1.6325573947526053,0.25749261282916336,4.205203777572821,,6.201954882638411,3.9935022101311795,8.618475023415451,4.624972813284271,1.5887600278005396,Synthetic,C
,,81.0,,20.827128705167823,5.251080568583273,4.0,4.734374892157643,Seam 4 Floor ,,498.2592062166022,0.589440819265053,,6.243971034919117,20.827128705167823,1686.9974251185936,109.17938192169632,12.131042435744037,3.5007203790555153,1.7503601895277576,-0.5285809554521491,4.692992235243031,,6.21112043602527,3.0362564015644775,7.430705556236916,4.394449154672439,1.6584338780122598,Synthetic,C
,,110.0,,32.50652572771603,3.905283222001587,5.0,3.931532505695298,Seam 4Floor ,,387.58255425738525,1.4087146854471033,,6.615596022496782,32.50652572771603,3575.7178300487635,67.9796529411586,6.481605590929383,2.603522148001058,1.301761074000529,0.34267771805203584,4.219208438946885,,5.959928869347777,3.4814408608017837,8.1819212265942,4.700480365792417,1.3623303087029976,Synthetic,C
,,58.0,,37.63003910845675,6.360685493190732,4.0,4.195744186565251,Seam 5floor ,,430.2893929699272,1.0694342191587711,,4.983897582819555,37.63003910845675,2182.5422682904914,70.14444859997032,9.210417330574263,4.240456995460487,2.1202284977302437,0.06712974148583481,4.250556667279768,,6.064457989226826,3.627802643894116,7.688245654440536,4.060443010546419,1.8501361534922023,Synthetic,C
,,61.0,,93.13474950397924,4.668997443974407,5.0,4.706608485245257,Seam Top -5,,331.2326171125655,3.5543945466089735,,5.96419684476839,93.13474950397924,5681.219719742733,34.32236619579806,4.394528679624284,3.112664962649604,1.556332481324802,1.2681847383735225,3.535797217342169,,5.802820899282174,4.53404736388001,8.64492122805332,4.110873864173311,1.5409443685426032,Synthetic,C
,,84.0,,20.0,4.33930033379202,5.0,4.497168039938964,Seam 4Floor ,,355.0159637292664,0.9784867487975409,,2.0,20.0,1680.0,79.38398279962394,8.661502622532122,2.8928668891946803,1.4464334445973401,-0.02174803460097411,4.374296619938834,,5.872162756715829,2.995732273553991,7.426549072397305,4.430816798843313,1.4677131217040578,Synthetic,C
,,86.0,,85.59505178718297,5.546746244376824,5.0,3.721841066264333,Seam Top -5,,434.7153802441342,1.4933587078913437,,31.627398790976436,85.59505178718297,7361.174453697735,46.9873201385997,5.066773035942977,3.6978308295845492,1.8489154147922746,0.4010277495059484,3.8498777810266187,,6.074691518652797,4.449627475252354,8.903974771505862,4.454347296253507,1.7132114935649736,Synthetic,C
,,68.0,,100.0,6.0440436975895695,5.0,5.070720256461677,Seam Top -5,,423.14596028785525,2.8409397369748812,,30.46102638041908,100.0,6800.0,42.31459602878552,5.131398498000715,4.029362465059712,2.014681232529856,1.0441348907410144,3.745132086314961,,6.047717179309006,4.605170185988092,8.824677891164198,4.219507705176107,1.7990732742965958,Synthetic,C
,,46.0,,51.28953195513529,4.713453948827555,3.0,5.674440173560639,Seam Top -3,,524.9878342718758,1.1410280807387836,,2.0,51.28953195513529,2359.318469936223,73.3052149428805,10.808264287533495,3.142302632551703,1.5711513162758515,0.13192968121582535,4.294631751558093,,6.263375089507655,3.937486675899124,7.766128072388219,3.828641396489095,1.5504209617474787,Synthetic,C
,,112.0,,55.28374759947619,6.298073201786327,3.0,5.748849258020732,Seam Top -3,,509.21308023693314,1.5173564010889722,,3.1346379513894296,55.28374759947619,6191.779731141333,68.48584414321304,6.471303997545397,4.198715467857551,2.0993577339287754,0.4169696108670096,4.22662706906852,,6.23286655417134,4.01247897020564,8.730977841500735,4.718498871295094,1.840243745632297,Synthetic,C
,,99.0,,37.66153866116495,6.07479216654725,3.0,4.884086915378762,Seam Top -3,,456.77736806750517,0.8226557376755181,,3.5371962878201533,37.66153866116495,3728.49232745533,74.43129038275907,7.480626147321218,4.049861444364833,2.0249307221824164,-0.1952174675484822,4.309876423085156,,6.124196112603715,3.6286393790371196,8.223759229171709,4.59511985013459,1.8041477773734511,Synthetic,C
,,40.0,,35.83018269440349,3.5501323329834222,3.0,4.3369009221785575,Seam-3,,101.93571225839389,8.42982648418836,,25.957717060681702,35.83018269440349,1433.2073077761397,17.029498181232054,2.692600083119408,2.3667548886556147,1.1833774443278073,2.131776188668875,2.834947027489537,,4.624342342602862,3.578790630226651,7.267670084340588,3.6888794541139363,1.2669848796892969,Synthetic,C
,,77.0,,43.255938024754435,6.307061697526551,3.0,4.68323642117168,Seam 5 Floor ,,444.59090133883194,1.2388800170271121,,15.324639023098724,43.255938024754435,3330.7072279060917,67.59860027435336,7.703575455129949,4.204707798351034,2.102353899175517,0.21420775940023223,4.213587276833856,,6.09715453649575,3.767134519323786,8.11093994117747,4.343805421853684,1.8416699100225287,Synthetic,C
,,106.0,,40.064759477643015,5.457354613987843,4.0,4.97406741659722,Seam Top -5,,458.1688915793767,1.2165364120900586,,7.607284000372735,40.064759477643015,4246.86450463016,72.38429160665262,7.030583909428728,3.638236409325229,1.8191182046626144,0.19600781463899794,4.281989309092037,,6.127237875046266,3.6904971319084576,8.353936226020526,4.663439094112067,1.6969641694147135,Synthetic,C
,,103.0,,29.068527018866554,7.6819493415854705,4.0,4.4205152303650594,Seam 4 Floor ,,461.2044104418634,0.7272786503802037,,8.118963785761892,29.068527018866554,2994.058282943255,85.54250010983314,8.428752988559086,5.12129956105698,2.56064978052849,-0.318445586878919,4.449013329748705,,6.133841351319395,3.3696560431413802,8.004385031371015,4.634728988229636,2.038873335471544,Synthetic,C
,,168.0,,48.0446557626405,5.795032342288012,5.0,3.5535726795611344,Seam 4Floor ,,459.8711226234855,1.4320387295118628,,7.445464594302159,48.0446557626405,8071.502168123605,66.3458245823151,5.118691494524264,3.8633548948586744,1.9316774474293372,0.3590991139212318,4.194880828614384,,6.130946282018882,3.8721309068089957,8.996094886212255,5.123963979403259,1.75700105784396,Synthetic,C
,,77.0,,24.676360275088577,4.227266635126452,3.0,3.3750562595708713,Seam 5 Floor ,,347.7364811012444,1.5958456248840343,,8.392488945303182,24.676360275088577,1900.0797411818205,70.00188001027605,7.977454599229467,2.818177756750968,1.409088878375484,0.46740376808619394,4.248522098978366,,5.851444954709984,3.205845711463236,7.549651133316919,4.343805421853684,1.4415555986410193,Synthetic,C
,,86.0,,88.52609568443597,5.802137813537742,5.0,5.2819315844621775,Seam Top -5,,437.8203660062983,2.328969599017307,,27.28734435386657,88.52609568443597,7613.244228861494,46.53291983063543,5.017773790590692,3.868091875691828,1.934045937845914,0.8454259375827062,3.84016001545955,,6.081808702979603,4.483297375040107,8.937644671293613,4.454347296253507,1.7582264381812946,Synthetic,C
,,83.0,,20.0,4.179368284016408,3.0,4.33493572737933,Seam 5 Floor ,,407.71771329136897,0.8567801494746863,,8.477589055098566,20.0,1660.0,91.16845225502705,10.007037696178461,2.7862455226776053,1.3931227613388026,-0.15457392833046998,4.512708918980482,,6.010575055757478,2.995732273553991,7.41457288135059,4.418840607796598,1.4301601068899041,Synthetic,C
,,100.0,,24.23915158451519,6.519517230258577,3.0,4.100772000899711,Seam 5 Floor ,,381.56814156649693,0.8261953010331691,,5.227142858401186,24.23915158451519,2423.9151584515193,77.50208735837887,7.750208735837887,4.346344820172384,2.173172410086192,-0.1909240914803704,4.350304869653098,,5.9442894496279814,3.187969159949765,7.793139345937856,4.605170185988092,1.8748003287582682,Synthetic,C
,,108.0,,33.59348313743177,3.4389094405434926,5.0,3.6179771092030784,Seam 4Floor ,,406.90430915130617,1.0663482885275468,,2.19876528271686,33.59348313743177,3628.096178842631,70.2044709809965,6.7554283698656,2.2926062936956617,1.1463031468478309,0.0642399970782729,4.25141199819168,,6.00857804514893,3.5143320939144997,8.19646332103872,4.68213122712422,1.2351543980250395,Synthetic,C
,,144.0,,42.661205870463014,3.7581628539690484,7.0,3.467500587445425,Seam 3 floor ,,528.089551216627,0.9898753191149885,,3.461780592184652,42.661205870463014,6143.213645346674,80.85204537355088,6.737670447795907,2.505441902646032,1.252720951323016,-0.010176284072535815,4.392620884077277,,6.269265873901976,3.753289979649397,8.723103279225397,4.969813299576001,1.3239302353288174,Synthetic,C
,,100.0,,38.88419403300078,4.561608605994356,3.0,3.2838756723900535,Seam 5 Floor ,,419.97191891854806,1.1806241245541313,,2.0,38.88419403300078,3888.419403300078,67.34939546717558,6.734939546717559,3.041072403996237,1.5205362019981186,0.1660432177628327,4.209893926827604,,6.040187849324461,3.660587844993713,8.265758030981806,4.605170185988092,1.517675325791984,Synthetic,C
,,88.0,,48.26788033574464,4.226131842460235,3.0,4.7197274119610135,Seam-3,,448.20958769551305,1.59500111678731,,2.0,48.26788033574464,4247.5734695455285,64.51371163334686,6.877184767494414,2.8174212283068236,1.4087106141534118,0.4668744364166944,4.166877784671806,,6.105260952694285,3.8767663360449567,8.354103150523164,4.477336814478207,1.4412871166391257,Synthetic,C
,,172.0,,33.57649460006449,7.2776964274322005,5.0,3.497073217625518,Seam 4Floor ,,497.0301333606256,0.9979794868463232,,8.626205894162041,33.57649460006449,5775.157071211092,85.77585240839842,6.540347430670631,4.851797618288133,2.4258988091440665,-0.0020225571441160168,4.451737526420561,,6.208650654762951,3.513826256684781,8.661320733498235,5.147494476813453,1.9848143873324342,Synthetic,C
,,152.0,,39.1589075183985,4.823135331445495,5.0,3.1453451523544773,Seam 4Floor ,,533.4318358121393,1.327057623470158,,3.297326555317544,39.1589075183985,5952.153942796572,85.24396611639446,6.91419866311204,3.2154235542969962,1.6077117771484981,0.28296417827326364,4.445517334965376,,6.279331294654029,3.667627919377306,8.691508440223583,5.0238805208462765,1.5734242002920715,Synthetic,C
,,172.0,,40.94649703634336,5.508793114342875,5.0,4.325672506176524,Seam 4Floor ,,521.623939046252,0.8324476085851698,,4.499045252248562,40.94649703634336,7042.797490251058,81.51717814962963,6.215626562683379,3.67252874289525,1.836264371447625,-0.18338499173830597,4.400813772879003,,6.25694690497004,3.712266264182076,8.85976074099553,5.147494476813453,1.7063455636635825,Synthetic,C
,,114.0,,20.0,6.7493282478774335,4.0,3.8404680692575166,Seam 4 Floor ,,480.2599571136063,0.6748307839031699,,4.064723669151175,20.0,2280.0,107.38939109771573,10.057938001651802,4.499552165251622,2.249776082625811,-0.3932933100515491,4.676461397844885,,6.174327534621881,2.995732273553991,7.731930721948486,4.736198448394496,1.909442981099138,Synthetic,C
,,106.0,,20.068381237591623,6.033881704613946,4.0,4.991961340715367,Seam 4 Floor ,,403.0430261308162,0.6696531386418011,,3.430048105767614,20.068381237591623,2127.248411184712,89.96948605199401,8.738608984585087,4.022587803075964,2.011293901537982,-0.40099540417156143,4.499470568975165,,5.999043320840345,2.9991455037303596,7.662584597842427,4.663439094112067,1.797390535740905,Synthetic,C
,,54.0,,26.970710306625584,3.4393721460000375,3.0,5.197035855056732,Seam-3,,248.98889861935734,1.3377669500973808,,26.573665616509366,26.970710306625584,1456.4183565577816,47.94394781761087,6.524344911542764,2.2929147640000247,1.1464573820000123,0.2910017687306731,3.8700325747523814,,5.517408311612815,3.2947514737208676,7.283735520285142,3.9889840465642745,1.2352889390296264,Synthetic,C
,,131.0,,20.70621511933577,4.726531293348344,5.0,4.147170593809199,Seam 4Floor ,,467.60039734415045,0.7965514041783702,,4.719539798942099,20.70621511933577,2712.5141806329857,102.76009822315213,8.978191468045473,3.1510208622322295,1.5755104311161148,-0.22746361413964075,4.632397128091285,,6.147614079349799,3.030433902517027,7.905631225718178,4.875197323201151,1.5531915916904004,Synthetic,C
,,85.0,,40.72888558464879,6.803041238665984,4.0,5.832654523030046,Seam Top -5,,473.576876979602,1.2157292675227922,,9.369558426768466,40.72888558464879,3461.9552746951476,74.20603479329436,8.048774550308238,4.535360825777323,2.2676804128886614,0.19534411691579245,4.306845478312128,,6.160314258432771,3.7069375602412866,8.149588816731605,4.442651256490317,1.9173697531799154,Synthetic,C
,,88.0,,45.23842615246167,4.109981076112916,7.0,3.3570986829677376,Seam 3 floor ,,435.85448515002406,1.1753504210334242,,5.313702393473146,45.23842615246167,3980.981501416627,64.80190538980119,6.907906325157053,2.7399873840752775,1.3699936920376388,0.16156633380094074,4.171335007089533,,6.077308437986315,3.811946861793562,8.289283676271769,4.477336814478207,1.4134184241454546,Synthetic,C
,,92.0,,49.71877418454547,5.671474119881439,7.0,4.4368859980243975,Seam 3 floor ,,485.4252803510381,1.2695666859064465,,4.550025648153394,49.71877418454547,4574.127224978183,68.84337985792763,7.1774185063922005,3.780982746587626,1.890491373293813,0.23867565005154992,4.231834067435138,,6.1850253734176395,3.906382611965004,8.428171189014044,4.5217885770490405,1.7354490698189333,Synthetic,C
,,106.0,,41.66030706455012,3.497331080963013,7.0,3.851178713489285,Seam 3 floor ,,520.4280865834444,0.901694570207452,,6.520710131154837,41.66030706455012,4415.992548842312,80.6305260610358,7.8315290037513,2.331554053975342,1.165777026987671,-0.10347943022286184,4.389877313059075,,6.2546517163261655,3.7295488065341815,8.392987900646249,4.663439094112067,1.2520001293112473,Synthetic,C
,,97.0,,34.81137731626961,5.919752287205958,4.0,5.78553507831477,Seam 4 Floor ,,429.96175778104157,1.063834452844105,,9.060828279884243,34.81137731626961,3376.7035996781524,72.87343253439879,7.3991760263925315,3.9465015248039714,1.9732507624019857,0.06187978938192918,4.2887241354773975,,6.063696269339695,3.549944267724595,8.124655246227977,4.574710978503383,1.7782946046430839,Synthetic,C
,,55.0,,85.63912007821331,5.9756477347977865,5.0,4.809602784430395,Seam Top -5,,268.4805323971714,3.9791682384109595,,28.384977915900972,85.63912007821331,4710.151604301732,29.011935427360232,3.911968574983746,3.9837651565318577,1.9918825782659288,1.381072812131991,3.3677073117769267,,5.592778406281834,4.450142189009815,8.457475374242286,4.007333185232471,1.7876924994394439,Synthetic,C
,,57.0,,47.18384441527964,4.918062587186416,3.0,4.728845831937191,Seam-3,,173.19092433633026,4.37238604341316,,27.878050550951045,47.18384441527964,2689.4791316709393,25.21322901075815,3.3395737650840234,3.2787083914576103,1.6393541957288051,1.4753088654585125,3.2273688175180615,,5.154394594849697,3.8540515546632714,7.897102822497822,4.04305126783455,1.592914669859103,Synthetic,C
,,164.0,,35.48743275079488,5.144631474431072,5.0,4.212767887428633,Seam 4Floor ,,549.0921570024783,0.736042438297657,,9.295940245007824,35.48743275079488,5819.93897113036,92.17389697613945,7.197572119348254,3.429754316287381,1.7148771581436906,-0.3064675011850646,4.523676977421425,,6.30826629081454,3.5691786267862304,8.669045054610429,5.099866427824199,1.6379537388160585,Synthetic,C
,,103.0,,20.0,4.733080139871602,4.0,4.3955457338956805,Seam 4 Floor ,,458.8343548983784,0.6367449602320251,,13.99660215849736,20.0,2060.0,102.59848079650376,10.109328702397217,3.1553867599144008,1.5776933799572004,-0.4513860799838497,4.630823125575423,,6.128689262352419,2.995732273553991,7.630461261783627,4.634728988229636,1.5545761829319578,Synthetic,C
,,96.0,,23.631786027635005,6.333761259503355,4.0,4.120768518850065,Seam 4 Floor ,,409.4016296271724,1.0072035868226437,,2.0,23.631786027635005,2268.6514586529606,84.21729618652255,8.59539179890916,4.222507506335569,2.1112537531677846,0.007177764923791671,4.4334003180451065,,6.0146966537448465,3.1625926713994805,7.726940862867317,4.564348191467836,1.8458942555057678,Synthetic,C
,,154.0,,26.497785380270685,5.493220971559475,5.0,3.5148616080320814,Seam 4Floor ,,574.8430291538239,0.3534238238868062,,3.4771128305451136,26.497785380270685,4080.6589485616855,111.67204780339348,8.99879005597145,3.662147314372983,1.8310736571864914,-1.0400873079934907,4.715566431280011,,6.354097010752081,3.27706115894414,8.314013761357769,5.0369526024136295,1.7035147813976195,Synthetic,C
,,77.0,,37.714795019025225,6.026247031185024,3.0,4.729102244193702,Seam 5 Floor ,,473.8423456780568,1.02755276402066,,25.322027543224948,37.714795019025225,2904.0392164649425,77.15747267575645,8.792910064297969,4.017498020790016,2.008749010395008,0.027180017914716432,4.3458484331692695,,6.160874662315347,3.6300524582921563,7.97385788014584,4.343805421853684,1.796124434090409,Synthetic,C
,,104.0,,30.909097741385068,4.441966141411808,3.0,3.418269184050004,Seam 5 Floor ,,483.9919090901449,0.7438711012729446,,14.477899046669496,30.909097741385068,3214.546165104047,87.05524410901589,8.53646900908568,2.9613107609412053,1.4806553804706026,-0.2958875101359543,4.466542906892695,,6.182068189821006,3.431050565856623,8.075441464997997,4.6443908991413725,1.491097103068536,Synthetic,C
,,109.0,,26.305682040218834,3.2988085940068075,5.0,4.11154378019025,Seam 4Floor ,,428.1259680636483,0.7944635559409345,,13.12379519251212,26.305682040218834,2867.319342383853,83.47314711363761,7.995277441557419,2.1992057293378715,1.0996028646689358,-0.23008816449050598,4.424524988681748,,6.059417470184498,3.2697849630055025,7.961132845234647,4.6913478822291435,1.1935613711654993,Synthetic,C
,,83.0,,40.0451751196275,5.875471829122123,3.0,5.528092069813048,Seam Top -3,,499.8710229506764,0.9450956209077774,,5.817053819429734,40.0451751196275,3323.7495349290825,78.99195514145308,8.670493501240411,3.9169812194147484,1.9584906097073742,-0.056469170461570815,4.36934601362913,,6.214350111047664,3.690008194837066,8.108848802633664,4.418840607796598,1.7707863681453755,Synthetic,C
,,95.0,,85.5572615690934,6.321754109958177,5.0,5.552247492721317,Seam Top -5,,210.8617498640317,5.864502386563804,,29.432398319067634,85.5572615690934,8127.939849063873,22.796562702884255,2.3388779835111073,4.214502739972118,2.107251369986059,1.7689176339302826,3.1266097659497407,,5.351202704815079,4.449185877730677,9.003062769331217,4.553876891600541,1.843996718693171,Synthetic,C
,,40.0,,27.211023923074983,4.859586057770361,3.0,4.69917379890928,Seam-3,,261.95574451319965,1.8788311573596004,,6.79060604164159,27.211023923074983,1088.4409569229992,50.21754583120376,7.940091166524868,3.239724038513574,1.619862019256787,0.6306498586821208,3.9163644841801797,,5.568175575421751,3.3036221824831427,6.992501636597079,3.6888794541139363,1.5809532609866714,Synthetic,C
,,118.0,,56.68978349457223,3.487414601788445,7.0,3.8969075996871188,Seam 3 floor ,,537.3653089293433,0.986890943038738,,2.0215103399871097,56.68978349457223,6689.394452359524,71.37025143475788,6.570164194385949,2.324943067858963,1.1624715339294815,-0.013195739028636915,4.26788113595222,,6.286678140560958,4.037594009217475,8.808278633683141,4.770684624465665,1.2491606599052927,Synthetic,C
,,99.0,,31.61477518560242,7.42616144319926,3.0,3.7999032494928136,Seam 5 Floor ,,459.98338247156676,1.0959440383448564,,10.992129079129718,31.61477518560242,3129.8627433746396,81.80824830325027,8.222038314488179,4.950774295466173,2.4753871477330867,0.09161612731789444,4.404378073528254,,6.131190363768804,3.453624580481099,8.04874443061569,4.59511985013459,2.0050090957824103,Synthetic,C
,,125.0,,22.48247285041293,3.789428609809391,5.0,3.2324906186670628,Seam 4Floor ,,450.83389109634317,0.6810450788086305,,7.60695059427632,22.48247285041293,2810.3091063016163,95.08117007431734,8.504318386655692,2.526285739872927,1.2631428699364635,-0.3841267800034029,4.55473094862491,,6.111098959234038,3.1127360212182555,7.941049758520557,4.8283137373023015,1.3322152451452403,Synthetic,C
,,110.0,,48.414288812462715,4.867543661907517,7.0,4.268758691510057,Seam 3 floor ,,399.60963119289494,1.4227403469537234,,3.416502915369385,48.414288812462715,5325.571769370898,57.43136897044218,5.475866176247677,3.245029107938344,1.622514553969172,0.3525848336977059,4.050590651792908,,5.99048814856827,3.879794993550724,8.58027535934314,4.700480365792417,1.5825894283128448,Synthetic,C
,,103.0,,44.569105652113805,3.181643583813204,7.0,4.019251822817404,Seam 3 floor ,,492.6673243485801,1.1866595342609576,,6.342157589137708,44.569105652113805,4590.617882167722,73.79667581788493,7.271402531456092,2.121095722542136,1.060547861271068,0.17114224572351733,4.301313687473865,,6.199834147782137,3.7970409206165447,8.43176990884618,4.634728988229636,1.1573979135267214,Synthetic,C
,,101.0,,22.509188585791797,5.53761169086106,4.0,5.22029254030094,Seam 4 Floor ,,429.1405741857693,0.8973627678194962,,5.923347199092029,22.509188585791797,2273.4280471649713,90.45230907763435,9.000341147261478,3.6917411272407064,1.8458705636203532,-0.10829507524734917,4.504822740289739,,6.061784544007765,3.1139236074360546,7.729044124277314,4.61512051684126,1.7115633050750334,Synthetic,C
,,112.0,,26.645038517547903,5.18987671063223,5.0,3.5883974513492887,Seam 4Floor ,,407.7512733276382,0.9308764258709485,,8.660453449419323,26.645038517547903,2984.244313965365,78.99273479720436,7.464111844795748,3.4599178070881536,1.7299589035440768,-0.0716287431990981,4.369355883645669,,6.010657364310811,3.282602961330283,8.001101832625377,4.718498871295094,1.6467099417188042,Synthetic,C
,,61.0,,36.72690400754588,7.117544751484508,4.0,4.544348279308847,Seam 5floor ,,477.4650732947205,0.5491207787930739,,2.0,36.72690400754588,2240.341144460299,78.78607195931876,10.087522835839797,4.745029834323005,2.3725149171615025,-0.5994368638669825,4.366736229456101,,6.168491012313042,3.6035095657138814,7.714383429887192,4.110873864173311,1.9625628276788465,Synthetic,C
,,71.0,,35.88518405536634,5.366097682986626,3.0,5.579617075142102,Seam Top -3,,390.880791578299,1.157375772628131,,2.518542054175684,35.88518405536634,2547.84806793101,65.25093513523885,7.743861299849831,3.5773984553244174,1.7886992276622087,0.14615517735524847,4.178240377674648,,5.968402632625828,3.580324509902359,7.843004386943675,4.2626798770413155,1.6801009558978648,Synthetic,C
,,105.0,,44.02627274898139,4.194743286562381,3.0,4.023535843403944,Seam 5 Floor ,,449.9307320709757,1.3108294752632708,,3.8267712036778443,44.02627274898139,4622.758638643046,67.80936826215672,6.617516743363271,2.7964955243749205,1.3982477621874603,0.270660124058481,4.216700360359133,,6.109093642184957,3.7847865636516476,8.43874691380917,4.653960350157523,1.4338321429483134,Synthetic,C
,,75.0,,22.09794773760355,5.81277138243474,4.0,3.4145692145831656,Seam 4 Floor ,,444.54646611942053,0.890431517915277,,2.0,22.09794773760355,1657.3460803202663,94.56734388138028,10.919696289292563,3.8751809216231594,1.9375904608115797,-0.11604908216830562,4.549312214362298,,6.097054585192217,3.095484741659838,7.4129728551961485,4.31748811353631,1.7600574592746943,Synthetic,C
,,77.0,,85.58751352860793,5.459111411795097,5.0,4.743716171277855,Seam Top -5,,342.4158362093553,2.944505784570002,,9.570873361743056,85.58751352860793,6590.238541702811,37.012518473847116,4.217967941502616,3.6394076078633977,1.8197038039316988,1.079940987934436,3.611256192552127,,5.836025893809496,4.449539402514737,8.79334482436842,4.343805421853684,1.697286031419921,Synthetic,C
,,50.0,,24.249027155525795,4.074520535889087,3.0,5.892935562152059,Seam-3,,240.53378008557877,1.8674865255619075,,20.92868147533333,24.249027155525795,1212.4513577762898,48.845990033390734,6.907866157276221,2.7163470239260574,1.3581735119630287,0.6245934227709112,3.8886722877784123,,5.482860537418846,3.1883764992808667,7.100399504709013,3.912023005428146,1.4047530798658379,Synthetic,C
,,124.0,,31.805421099793914,4.239075347408812,5.0,4.148527885745954,Seam 4Floor ,,499.2606317136633,1.2024845996049536,,7.130777209687694,31.805421099793914,3943.8722163744455,88.5272038037466,7.949977588378881,2.8260502316058744,1.4130251158029372,0.18438991593444154,4.483309892392947,,6.213128267439564,3.4596367500932343,8.27991831569827,4.820281565605037,1.4443451670199874,Synthetic,C
